"type","grade_average","activities","number","nationality","gender","height","weight","asignatures"
"P",78.4,"Cultura",13151,"MEX","F",178.6,74.4,6
"P",84.3,"Ninguna",13152,"EXT","M",174.8,75,6
"P",83.2,"Ninguna",13153,"MEX","F",159.3,60.5,6
"U",68.8,"Ninguna",13154,"MEX","M",171.4,65.4,7
"U",78.1,"Ninguna",13155,"MEX","F",175.1,65.8,6
"P",76.2,"Cultura",13156,"MEX","M",161.3,77,5
"P",73.1,"Ninguna",13157,"MEX","F",161,68.1,6
"P",81.8,"Deportiva",13158,"MEX","O",170.1,77,5
"U",80.9,"Cultura",13159,"MEX","F",165.7,63.1,6
"U",74.3,"Ninguna",13160,"MEX","F",173.8,75.5,6
"U",86.4,"Ninguna",13161,"MEX","F",164.3,75.6,6
"P",83.8,"Deportiva",13162,"MEX","O",174.3,68.6,6
"U",78.8,"Ninguna",13163,"EXT","F",171.2,70.1,6
"U",84.1,"Cultura",13164,"MEX","M",174.9,75.3,7
"U",81.2,"Deportiva",13165,"MEX","M",171.8,66.7,6
"U",68.6,"Ninguna",13166,"MEX","M",162.9,66.7,6
"P",81.7,"Ninguna",13167,"EXT","M",176.6,74.5,6
"U",79,"Cultura",13168,"MEX","F",174.9,77.6,6
"P",85.7,"Deportiva",13169,"MEX","M",172,65.2,6
"U",84.2,"Ninguna",13170,"MEX","M",165.6,61.3,5
"U",82.5,"Ninguna",13171,"EXT","F",160.8,64.2,7
"P",90.4,"Ninguna",13172,"MEX","F",166.2,61.9,7
"U",90.3,"Cultura",13173,"MEX","F",170.1,62.4,6
"U",79.7,"Ninguna",13174,"MEX","F",167.6,84.6,7
"U",78.2,"Cultura",13175,"MEX","O",167.2,75.2,6
"U",80.2,"Ninguna",13176,"MEX","O",168.2,62.4,7
"U",83,"Ninguna",13177,"MEX","F",170.3,52.3,5
"P",85.4,"Ninguna",13178,"MEX","F",167.9,85.9,6
"P",79.6,"Cultura",13179,"MEX","O",165.9,62.6,7
"P",78.2,"Ninguna",13180,"MEX","O",174.5,72.8,6
"U",85.9,"Deportiva",13181,"MEX","M",169.2,67.4,6
"U",80.3,"Cultura",13182,"EXT","O",164.6,59.9,6
"P",80.9,"Deportiva",13183,"MEX","O",159.6,55.9,6
"P",81.7,"Ninguna",13184,"MEX","M",168.7,69.7,6
"P",77.8,"Ninguna",13185,"MEX","F",162.9,55.3,6
"U",81.4,"Ninguna",13186,"EXT","F",173.6,73,6
"U",84,"Ninguna",13187,"MEX","F",164.7,71,6
"P",77.6,"Deportiva",13188,"EXT","F",168.7,62.9,5
"U",74.8,"Ninguna",13189,"MEX","M",163.2,70.2,6
"P",80.5,"Ninguna",13190,"MEX","F",167.7,66.7,7
"U",80.5,"Deportiva",13191,"EXT","F",172.4,71.4,6
"U",74.5,"Ninguna",13192,"MEX","M",163.2,61.9,5
"U",86.3,"Ninguna",13193,"MEX","F",170.9,63.3,6
"U",81.9,"Deportiva",13194,"MEX","M",176.7,68,6
"P",78.2,"Cultura",13195,"MEX","M",177.5,62.8,5
"U",80.6,"Cultura",13196,"MEX","M",173.3,59.5,6
"U",68.5,"Ninguna",13197,"MEX","F",171.3,74.4,6
"U",75.3,"Ninguna",13198,"MEX","F",172.1,62.8,5
"U",76.6,"Cultura",13199,"EXT","M",167.8,72.1,6
"U",85.7,"Ninguna",13200,"MEX","M",163.4,61.1,6
"U",88.1,"Cultura",13201,"MEX","F",167.2,79.4,6
"P",70.4,"Deportiva",13202,"MEX","F",178.2,78.2,7
"U",73.3,"Cultura",13203,"EXT","M",172.1,80.7,5
"U",70.9,"Ninguna",13204,"MEX","O",170.6,72.3,7
"U",78.6,"Cultura",13205,"MEX","F",166.3,81.3,7
"U",83.6,"Ninguna",13206,"EXT","M",163.9,65.2,7
"P",81.4,"Cultura",13207,"MEX","F",162.6,60.3,6
"P",72.2,"Ninguna",13208,"EXT","M",166.8,73.8,6
"P",86.2,"Ninguna",13209,"MEX","F",177.3,73.2,6
"P",81.4,"Cultura",13210,"EXT","F",176.1,75.1,6
"U",72.6,"Cultura",13211,"MEX","O",158.6,70.7,5
"U",81.4,"Cultura",13212,"EXT","M",172.8,77,6
"P",80,"Deportiva",13213,"MEX","F",169.4,67.4,5
"P",85,"Cultura",13214,"MEX","O",166.3,73.1,7
"P",73.9,"Deportiva",13215,"EXT","M",166.7,50.8,7
"P",84.3,"Cultura",13216,"MEX","F",167.3,53.8,6
"P",77.4,"Ninguna",13217,"MEX","M",169.4,72.3,5
"U",87.5,"Cultura",13218,"MEX","F",161.3,65,6
"U",74.3,"Ninguna",13219,"MEX","F",181.9,67.8,5
"U",75.1,"Cultura",13220,"MEX","M",176.3,68.4,5
"U",86.6,"Ninguna",13221,"MEX","F",171.4,73.4,7
"U",81.3,"Deportiva",13222,"MEX","O",168,69.6,6
"U",83.7,"Ninguna",13223,"MEX","M",166.3,72.8,6
"U",83.7,"Ninguna",13224,"MEX","F",166.8,66.1,6
"P",79.6,"Cultura",13225,"MEX","M",176.5,81.1,7
"U",82.6,"Deportiva",13226,"MEX","F",170.8,73,7
"P",80.2,"Deportiva",13227,"EXT","M",171.3,71.2,6
"P",79.5,"Deportiva",13228,"EXT","F",177.5,69.9,6
"P",83.1,"Ninguna",13229,"MEX","O",172.1,64.7,7
"U",76.5,"Ninguna",13230,"MEX","F",174.9,68.7,6
"P",84.3,"Deportiva",13231,"EXT","M",171,69,6
"P",80.9,"Ninguna",13232,"MEX","M",182.3,77.7,5
"U",70.1,"Cultura",13233,"MEX","F",168.3,63.7,6
"U",74.1,"Ninguna",13234,"MEX","F",181.9,74.8,6
"P",78.7,"Ninguna",13235,"EXT","F",166.8,68,7
"P",78.9,"Ninguna",13236,"MEX","F",174.4,60.3,7
"U",87.1,"Cultura",13237,"MEX","F",169,72.2,7
"U",78.2,"Cultura",13238,"MEX","M",166.4,83,7
"U",73.8,"Cultura",13239,"MEX","M",173.9,58,6
"U",83,"Ninguna",13240,"MEX","M",181.4,63.1,7
"U",75.7,"Deportiva",13241,"MEX","M",171,81.6,6
"U",70.5,"Deportiva",13242,"EXT","M",167.6,56.1,7
"U",75.9,"Ninguna",13243,"MEX","M",162.5,72.7,6
"P",79.1,"Cultura",13244,"MEX","M",172.7,61,6
"U",79.8,"Deportiva",13245,"MEX","F",170.1,64.5,7
"P",88.2,"Ninguna",13246,"MEX","M",169.5,78.4,5
"U",79.2,"Cultura",13247,"EXT","F",179,70,6
"U",75.5,"Ninguna",13248,"EXT","M",178.1,70.2,6
"U",77.5,"Ninguna",13249,"MEX","F",166.1,72.1,6
"U",84.7,"Ninguna",13250,"MEX","M",171.5,70.2,5
"U",76.3,"Deportiva",13251,"MEX","F",172.7,60.2,5
"P",77.6,"Ninguna",13252,"MEX","F",166.9,72.6,6
"P",86.2,"Cultura",13253,"MEX","F",169.7,82.8,6
"P",83.5,"Ninguna",13254,"MEX","O",169,69.9,6
"U",81.3,"Ninguna",13255,"MEX","O",173,58.5,6
"P",89.5,"Ninguna",13256,"MEX","O",175.2,65.6,7
"P",80.6,"Deportiva",13257,"MEX","M",162.2,73.8,6
"U",76.3,"Cultura",13258,"EXT","F",176.8,63.9,6
"U",77.2,"Ninguna",13259,"MEX","O",173.8,70.8,6
"U",74.2,"Cultura",13260,"MEX","F",167.8,72.6,6
"U",78.6,"Cultura",13261,"MEX","F",168.4,75.5,7
"P",83.8,"Ninguna",13262,"EXT","O",172.4,61.1,6
"P",80.9,"Cultura",13263,"MEX","F",164.5,72.1,6
"U",73,"Ninguna",13264,"EXT","M",173.8,61.2,6
"U",77,"Deportiva",13265,"MEX","O",168.7,71.6,6
"U",77.3,"Ninguna",13266,"MEX","M",173.7,68.4,5
"P",82.1,"Cultura",13267,"EXT","F",167.9,61.3,6
"U",82.4,"Ninguna",13268,"EXT","M",166.8,59.2,5
"U",82,"Ninguna",13269,"EXT","O",179.4,73.8,6
"U",78.9,"Cultura",13270,"MEX","F",165.5,55.7,6
"P",88.7,"Ninguna",13271,"MEX","M",167.2,74.4,7
"U",68.6,"Deportiva",13272,"EXT","M",168.6,67,6
"P",74.4,"Ninguna",13273,"MEX","M",174.7,71.2,6
"U",75.3,"Ninguna",13274,"EXT","O",184.8,76.8,6
"U",71.1,"Ninguna",13275,"MEX","M",165.2,68.8,5
"U",75.1,"Cultura",13276,"MEX","F",178.8,71.9,6
"U",74.7,"Deportiva",13277,"MEX","F",167.2,68,7
"P",93,"Cultura",13278,"MEX","O",175.9,68,6
"U",88,"Cultura",13279,"EXT","F",167.9,72.1,6
"U",84.1,"Deportiva",13280,"MEX","O",165.8,65.2,6
"P",78,"Ninguna",13281,"MEX","F",163.1,62,6
"U",83.9,"Ninguna",13282,"MEX","M",173.2,60.6,6
"U",83.9,"Cultura",13283,"EXT","F",170.2,63.4,6
"U",73.7,"Ninguna",13284,"MEX","M",165.8,67.5,5
"U",83.6,"Cultura",13285,"MEX","O",172.7,83.7,5
"P",85,"Cultura",13286,"MEX","M",171,67.2,5
"U",76.1,"Ninguna",13287,"MEX","O",169,61,6
"P",84.4,"Ninguna",13288,"EXT","M",173.3,78.9,6
"P",86.3,"Ninguna",13289,"EXT","O",167.4,68.9,5
"U",77.4,"Ninguna",13290,"MEX","M",174.2,65.8,5
"P",80.4,"Deportiva",13291,"MEX","F",168,72.1,5
"U",81.8,"Deportiva",13292,"EXT","F",165.4,65.1,6
"U",77.1,"Ninguna",13293,"MEX","F",168.5,77.7,6
"U",74,"Ninguna",13294,"MEX","F",170.9,72.9,6
"U",69.9,"Cultura",13295,"EXT","F",169.7,68.1,5
"U",74.2,"Cultura",13296,"MEX","F",164.7,69.9,6
"U",77.4,"Cultura",13297,"EXT","M",171.7,74.1,6
"U",82.6,"Ninguna",13298,"MEX","M",171.1,67.6,6
"U",80.5,"Cultura",13299,"EXT","F",175,73.8,5
"U",81.9,"Deportiva",13300,"MEX","M",169.9,66.4,6
"U",69.3,"Ninguna",13301,"MEX","O",175.1,70.7,5
"P",94.5,"Ninguna",13302,"EXT","O",168.4,74.5,6
"U",82.9,"Ninguna",13303,"EXT","O",164,66.9,6
"U",76.4,"Cultura",13304,"MEX","O",163.5,60.5,6
"P",81.4,"Deportiva",13305,"MEX","O",170.8,69.8,7
"U",74.6,"Ninguna",13306,"MEX","F",163.5,64.9,6
"U",85.9,"Ninguna",13307,"MEX","M",175.3,71.6,6
"U",78.1,"Ninguna",13308,"MEX","M",168.9,67.7,6
"P",77.3,"Ninguna",13309,"MEX","M",172.6,72.7,6
"U",76.7,"Deportiva",13310,"MEX","O",169.5,59.1,6
"U",88.7,"Ninguna",13311,"MEX","M",167.8,70.4,6
"U",86.7,"Deportiva",13312,"MEX","M",178.3,74.2,6
"U",77,"Ninguna",13313,"MEX","M",168.1,80.5,6
"P",76.2,"Cultura",13314,"MEX","M",169.8,73.2,6
"U",75.6,"Deportiva",13315,"MEX","O",171.4,68.7,7
"P",86.7,"Ninguna",13316,"EXT","F",171.5,75,6
"U",82.6,"Ninguna",13317,"EXT","O",169.7,65.6,6
"U",79.3,"Cultura",13318,"EXT","O",160.3,81,5
"U",90.7,"Cultura",13319,"MEX","O",173.3,72.5,5
"U",78.4,"Deportiva",13320,"EXT","F",172.5,67.7,6
"P",80.3,"Cultura",13321,"EXT","F",173.7,63.9,6
"U",69.5,"Ninguna",13322,"MEX","M",171.2,72.9,6
"P",75.5,"Cultura",13323,"EXT","F",176.3,68.8,6
"U",82,"Ninguna",13324,"MEX","M",172.4,71.3,6
"U",84.4,"Cultura",13325,"MEX","F",176.2,67.5,6
"P",76.8,"Ninguna",13326,"MEX","M",167.9,66.7,6
"P",85.1,"Ninguna",13327,"MEX","F",168,59.1,6
"P",78,"Deportiva",13328,"MEX","F",177.4,74,6
"P",66.6,"Ninguna",13329,"MEX","O",174.4,63.3,6
"P",82.8,"Cultura",13330,"MEX","F",173,68.9,5
"U",83.4,"Ninguna",13331,"MEX","O",174,68.7,6
"P",87.1,"Cultura",13332,"EXT","F",165.4,71.5,6
"P",83,"Ninguna",13333,"MEX","O",162.2,68.3,6
"U",78.9,"Ninguna",13334,"MEX","F",168.6,80,6
"U",72.5,"Ninguna",13335,"EXT","M",166,72.6,6
"U",82.4,"Ninguna",13336,"EXT","O",164.6,64.4,6
"U",83.1,"Cultura",13337,"EXT","F",165.4,65.2,6
"U",76.1,"Ninguna",13338,"EXT","M",169.2,72.4,6
"U",75.1,"Cultura",13339,"MEX","O",170.3,65.4,6
"U",77.2,"Cultura",13340,"MEX","M",170.1,71.1,6
"U",82.6,"Ninguna",13341,"EXT","F",172.2,77.2,6
"U",73.8,"Ninguna",13342,"MEX","M",163.9,70.8,6
"U",79.7,"Ninguna",13343,"MEX","F",169.9,79.3,6
"P",85,"Cultura",13344,"MEX","F",175.8,71.7,6
"U",83.3,"Ninguna",13345,"MEX","M",166.5,54.8,6
"U",84,"Cultura",13346,"MEX","M",170.9,66,6
"P",84.3,"Deportiva",13347,"MEX","M",171.5,70.8,7
"U",84.6,"Ninguna",13348,"EXT","F",175.8,67.7,6
"U",81.9,"Ninguna",13349,"MEX","O",166.4,79.4,5
"P",82.1,"Cultura",13350,"MEX","F",171.2,67.1,7
"U",70.7,"Deportiva",13351,"MEX","F",174.8,61.9,6
"U",80.6,"Ninguna",13352,"MEX","M",164.8,76.4,6
"U",81.7,"Deportiva",13353,"EXT","F",174.3,71.7,6
"U",77.5,"Ninguna",13354,"MEX","M",164.7,66.9,6
"U",89.6,"Deportiva",13355,"EXT","O",165.8,67.9,7
"P",83.5,"Ninguna",13356,"MEX","M",178.6,71.2,7
"U",89.1,"Ninguna",13357,"MEX","O",177.7,74,5
"U",76.7,"Ninguna",13358,"MEX","F",164.7,75.9,6
"U",79.8,"Ninguna",13359,"MEX","F",178.3,66.2,6
"P",85,"Ninguna",13360,"MEX","F",164.2,70.5,6
"U",69.6,"Ninguna",13361,"MEX","O",177.2,76.9,6
"U",74.9,"Ninguna",13362,"MEX","M",174.4,61.2,6
"U",81.4,"Ninguna",13363,"MEX","M",163,60.4,6
"U",76.3,"Ninguna",13364,"MEX","M",183.6,70.6,6
"U",81.7,"Cultura",13365,"EXT","M",167.4,62.4,7
"P",82.9,"Deportiva",13366,"EXT","F",159.9,57.4,6
"U",80.8,"Ninguna",13367,"MEX","F",158.8,64.6,5
"U",88.2,"Ninguna",13368,"MEX","F",167.1,65.7,5
"U",76.1,"Cultura",13369,"EXT","M",171.3,69.4,6
"U",78.9,"Ninguna",13370,"MEX","O",175.3,64.6,6
"U",76.4,"Cultura",13371,"MEX","F",176.5,74.7,6
"U",80.7,"Cultura",13372,"MEX","F",177.6,70.1,5
"P",75.8,"Ninguna",13373,"EXT","F",175.8,74.9,6
"U",77.5,"Ninguna",13374,"MEX","O",162.3,77.1,6
"U",84.2,"Ninguna",13375,"MEX","F",173.3,55.9,6
"U",81.6,"Ninguna",13376,"MEX","F",169,74.5,6
"P",87.3,"Deportiva",13377,"MEX","M",166.1,69.5,6
"U",71,"Deportiva",13378,"MEX","F",167.6,73.6,6
"U",78.3,"Deportiva",13379,"EXT","F",166.5,62.7,6
"U",82.6,"Ninguna",13380,"MEX","M",174.6,75.4,6
"U",86.2,"Cultura",13381,"MEX","M",170.6,79,7
"P",70.1,"Cultura",13382,"MEX","O",170.2,79.3,6
"P",79.6,"Ninguna",13383,"MEX","F",174.9,76.9,6
"U",75.5,"Ninguna",13384,"MEX","F",176.1,60,5
"P",77.3,"Cultura",13385,"MEX","M",163.1,60.2,7
"P",90.2,"Deportiva",13386,"MEX","M",172.9,76,6
"U",78.5,"Ninguna",13387,"MEX","O",173.8,65.3,6
"U",76.3,"Cultura",13388,"MEX","F",169.5,72.5,6
"U",77.5,"Deportiva",13389,"MEX","F",175.1,69.4,6
"U",85.9,"Ninguna",13390,"MEX","M",171.7,65.5,6
"U",76,"Cultura",13391,"MEX","M",164.7,73.6,7
"U",76.7,"Cultura",13392,"MEX","O",174.9,75.1,6
"U",79,"Deportiva",13393,"MEX","O",168.6,79.4,6
"P",80.3,"Deportiva",13394,"MEX","F",171.3,64.1,6
"P",78,"Deportiva",13395,"MEX","O",176.7,83.2,6
"U",90.2,"Ninguna",13396,"MEX","M",169.3,68.9,5
"U",78,"Deportiva",13397,"MEX","M",174.5,68.1,6
"U",82,"Deportiva",13398,"MEX","F",158.8,73.9,6
"U",77.2,"Ninguna",13399,"EXT","F",163.8,56.5,6
"U",81.7,"Cultura",13400,"MEX","M",177.6,83,5
"U",80.6,"Ninguna",13401,"MEX","F",167.1,77.2,6
"P",76.8,"Ninguna",13402,"MEX","M",171.7,69.1,5
"U",78.1,"Ninguna",13403,"MEX","M",166,62.4,7
"U",84.1,"Ninguna",13404,"EXT","F",162.7,78.4,6
"P",86.7,"Deportiva",13405,"MEX","F",173.6,80,6
"P",73.6,"Ninguna",13406,"MEX","F",166.2,69.4,7
"U",81.7,"Ninguna",13407,"MEX","F",173.2,73.4,6
"P",75.7,"Cultura",13408,"MEX","F",171.5,78.6,7
"P",83,"Deportiva",13409,"MEX","F",169.2,54.9,6
"P",72.5,"Ninguna",13410,"EXT","O",168.9,67.2,6
"U",76.1,"Deportiva",13411,"EXT","M",163.8,73.9,6
"U",72.5,"Deportiva",13412,"EXT","F",168.7,75.7,7
"U",75.6,"Deportiva",13413,"EXT","F",174.2,76.9,6
"P",84.4,"Deportiva",13414,"EXT","O",174.5,66,6
"P",82,"Cultura",13415,"MEX","F",168.3,68.6,5
"U",80.6,"Cultura",13416,"MEX","O",168.7,68.5,6
"P",82.2,"Cultura",13417,"EXT","F",171,73,6
"U",79.2,"Cultura",13418,"MEX","F",167.4,69.5,6
"U",85.4,"Ninguna",13419,"EXT","M",157.9,66.7,6
"U",84.2,"Cultura",13420,"MEX","F",170,63.7,5
"U",80.7,"Ninguna",13421,"MEX","M",168.7,66.9,7
"U",84.2,"Ninguna",13422,"EXT","F",171.5,57.1,7
"U",91.1,"Ninguna",13423,"MEX","F",172.4,68.7,6
"P",80.1,"Ninguna",13424,"MEX","F",179,73.8,6
"U",79.3,"Cultura",13425,"MEX","M",166.7,74.2,6
"U",80.6,"Cultura",13426,"MEX","F",172.9,66.4,5
"P",79.2,"Ninguna",13427,"MEX","F",165.9,77.8,6
"P",74.1,"Deportiva",13428,"MEX","M",167.4,67.5,7
"P",73.2,"Ninguna",13429,"EXT","M",176.6,76,6
"P",87.3,"Cultura",13430,"MEX","M",169.8,65.9,6
"U",73.2,"Ninguna",13431,"MEX","O",170.5,72.9,6
"U",80.2,"Ninguna",13432,"MEX","M",172.5,65.6,6
"U",77.6,"Deportiva",13433,"MEX","F",167.3,72.7,5
"P",80.2,"Cultura",13434,"MEX","F",167.7,75.3,6
"P",81.3,"Cultura",13435,"MEX","O",162.6,77.8,6
"U",83.6,"Cultura",13436,"MEX","M",174.9,66.9,7
"P",73.7,"Deportiva",13437,"MEX","M",176.8,78.7,7
"U",83.7,"Ninguna",13438,"EXT","O",177.5,64.3,7
"U",75.1,"Cultura",13439,"MEX","F",173.7,62.1,6
"U",77.9,"Deportiva",13440,"MEX","M",172.1,66.3,6
"U",73.5,"Cultura",13441,"EXT","M",169.5,61.9,6
"U",83.5,"Cultura",13442,"MEX","F",169.6,71.4,6
"U",82.1,"Deportiva",13443,"EXT","F",177.3,70.9,6
"P",75.8,"Ninguna",13444,"MEX","M",173.4,69.8,6
"P",68.9,"Ninguna",13445,"MEX","O",179,64.8,6
"P",78.6,"Deportiva",13446,"MEX","F",181.4,66,6
"P",83.5,"Ninguna",13447,"MEX","O",173.1,65.5,6
"U",86,"Ninguna",13448,"MEX","O",163.7,76.1,5
"P",73.9,"Ninguna",13449,"MEX","M",164.8,82.8,6
"U",71.3,"Deportiva",13450,"MEX","O",159.7,73.7,7
"U",76.8,"Cultura",13451,"MEX","O",173.8,61.8,6
"P",82.8,"Ninguna",13452,"EXT","M",167.8,65.7,5
"U",78.8,"Ninguna",13453,"MEX","F",177.5,73.3,6
"U",79.6,"Cultura",13454,"MEX","O",172.9,59,7
"P",85.2,"Ninguna",13455,"MEX","F",160.2,83.2,7
"U",89,"Ninguna",13456,"MEX","M",166,79.8,6
"U",82.5,"Ninguna",13457,"MEX","O",178.8,68.8,6
"U",77.9,"Ninguna",13458,"EXT","F",167.2,62,6
"U",73.9,"Cultura",13459,"EXT","F",169.6,79.3,5
"U",82,"Cultura",13460,"MEX","O",166.9,68.5,6
"P",82.4,"Deportiva",13461,"MEX","F",172.3,66.7,6
"U",87.2,"Ninguna",13462,"EXT","O",167.4,72.6,5
"U",80.1,"Ninguna",13463,"MEX","M",169.1,73.9,7
"U",75.7,"Ninguna",13464,"MEX","M",166.6,75.1,6
"P",78.8,"Ninguna",13465,"MEX","F",174.9,71.6,6
"P",78.1,"Cultura",13466,"EXT","O",162.7,69.6,6
"U",72.2,"Cultura",13467,"EXT","O",176.3,72.9,7
"P",75.7,"Ninguna",13468,"MEX","F",166.7,58,6
"U",76,"Ninguna",13469,"EXT","F",170.3,80.5,6
"U",91,"Ninguna",13470,"MEX","M",161.4,74.2,6
"U",74.4,"Cultura",13471,"MEX","O",162.5,66,7
"U",76.8,"Cultura",13472,"MEX","M",171,74.2,6
"U",81.8,"Ninguna",13473,"MEX","F",157.2,70.9,6
"U",79.1,"Ninguna",13474,"MEX","F",162.4,80.3,6
"U",83,"Ninguna",13475,"EXT","M",173.9,66.6,6
"P",84.8,"Ninguna",13476,"MEX","F",169.6,62.6,6
"U",66.8,"Ninguna",13477,"MEX","F",173,76.3,6
"U",81.3,"Ninguna",13478,"MEX","F",160.9,80.4,5
"P",74.3,"Cultura",13479,"MEX","F",170.9,97,6
"P",77.9,"Deportiva",13480,"EXT","M",174.5,60.9,6
"U",77.7,"Deportiva",13481,"MEX","O",170.4,62,6
"U",75.7,"Ninguna",13482,"MEX","F",169.5,63.1,6
"U",91.2,"Ninguna",13483,"MEX","F",157.1,71.4,6
"U",70.8,"Deportiva",13484,"EXT","F",177.3,77.7,6
"U",80.4,"Ninguna",13485,"MEX","F",160.2,61.2,6
"P",78.9,"Cultura",13486,"MEX","O",165.7,58.1,6
"U",84.3,"Deportiva",13487,"MEX","F",170.3,75.1,6
"P",85.4,"Ninguna",13488,"MEX","M",169.3,67.1,6
"U",79.5,"Ninguna",13489,"MEX","M",165.3,66.7,7
"P",78.8,"Deportiva",13490,"EXT","M",165.3,77.1,6
"U",76.9,"Ninguna",13491,"EXT","O",166.6,65.8,6
"U",74.7,"Deportiva",13492,"MEX","M",166.3,77.6,7
"U",71.7,"Ninguna",13493,"EXT","F",165.6,65.4,7
"U",80.9,"Cultura",13494,"MEX","F",162.7,60,6
"U",74.9,"Cultura",13495,"MEX","O",170.6,68.4,5
"U",74.5,"Deportiva",13496,"EXT","O",171.6,80,6
"P",77.4,"Cultura",13497,"EXT","M",162.7,66.7,5
"U",81,"Ninguna",13498,"MEX","M",174.5,71.2,5
"U",83.3,"Deportiva",13499,"EXT","F",175.1,68,6
"U",74.6,"Deportiva",13500,"EXT","O",162.1,74.1,6
"P",76.6,"Cultura",13501,"MEX","F",178.5,81.8,6
"U",81.5,"Cultura",13502,"MEX","M",163.9,75.6,6
"U",81.6,"Deportiva",13503,"EXT","M",183.3,71.2,6
"U",80.2,"Cultura",13504,"EXT","F",164.8,73.7,6
"U",90.6,"Deportiva",13505,"MEX","F",172.5,69.5,6
"U",85.5,"Ninguna",13506,"MEX","O",159.2,66.5,6
"P",78.4,"Deportiva",13507,"MEX","F",164.7,73.1,5
"U",88.1,"Ninguna",13508,"EXT","F",171.4,69.9,6
"U",89,"Cultura",13509,"MEX","O",164,70.2,6
"P",79.8,"Cultura",13510,"EXT","M",166.7,74.9,6
"P",72.2,"Ninguna",13511,"EXT","F",167.6,78.6,6
"U",78.1,"Cultura",13512,"MEX","M",175.5,70.1,6
"U",71.4,"Deportiva",13513,"MEX","F",170.9,62,5
"U",76.2,"Deportiva",13514,"MEX","O",166.8,71.9,6
"P",86.2,"Cultura",13515,"MEX","F",168.1,54,6
"U",84.6,"Ninguna",13516,"MEX","F",171.9,73.3,6
"U",79.4,"Ninguna",13517,"EXT","M",170.4,74.5,6
"U",73.2,"Ninguna",13518,"EXT","M",165.4,77.7,5
"U",79.2,"Cultura",13519,"MEX","M",178.6,48.2,6
"U",72.5,"Ninguna",13520,"MEX","M",169.4,77.3,7
"U",76,"Cultura",13521,"MEX","O",172.9,64.4,6
"P",79.1,"Ninguna",13522,"MEX","M",168,65.5,6
"U",84.5,"Deportiva",13523,"MEX","M",168.2,60.5,5
"U",86.6,"Deportiva",13524,"MEX","M",165.9,70.9,7
"U",77.9,"Ninguna",13525,"EXT","F",165.3,75,5
"U",95.6,"Deportiva",13526,"MEX","F",172.3,73.2,6
"U",82.9,"Deportiva",13527,"MEX","M",166.9,66.1,6
"U",78.5,"Ninguna",13528,"MEX","F",175.5,57.1,6
"U",81.8,"Ninguna",13529,"MEX","O",177.8,73.4,6
"P",79.9,"Ninguna",13530,"MEX","F",176.8,63.9,6
"U",75.3,"Deportiva",13531,"MEX","O",169.8,75.1,6
"U",84.2,"Cultura",13532,"MEX","O",170.7,72,5
"U",84,"Ninguna",13533,"MEX","O",172.3,72.3,6
"U",74.4,"Ninguna",13534,"EXT","O",167.5,66.9,6
"U",79.9,"Ninguna",13535,"EXT","F",175.2,77.8,5
"U",78.6,"Ninguna",13536,"MEX","O",173.8,82.2,6
"U",83.3,"Ninguna",13537,"MEX","M",164.9,59.9,6
"P",76.8,"Ninguna",13538,"MEX","M",163.8,74,5
"U",70.3,"Deportiva",13539,"MEX","M",175.7,65,6
"U",80.2,"Deportiva",13540,"MEX","O",160.3,80.7,6
"U",77.3,"Ninguna",13541,"MEX","F",175.5,68,6
"P",84.4,"Ninguna",13542,"MEX","O",167.2,71.9,6
"P",85.8,"Deportiva",13543,"EXT","O",162.4,69.6,6
"U",86.9,"Cultura",13544,"MEX","F",169.7,63.4,7
"P",78.5,"Deportiva",13545,"MEX","M",169.4,67.4,6
"U",81.8,"Ninguna",13546,"EXT","M",166.4,66.2,6
"U",75.9,"Ninguna",13547,"MEX","O",165.6,66.2,6
"U",75.5,"Ninguna",13548,"EXT","O",172.9,58.2,6
"P",84.3,"Ninguna",13549,"MEX","F",168.6,72.8,5
"U",81.2,"Ninguna",13550,"MEX","M",162.6,72.4,6
"U",82.1,"Ninguna",13551,"MEX","O",172.4,62,6
"U",90.9,"Deportiva",13552,"EXT","O",177.1,69.3,6
"U",75.2,"Ninguna",13553,"MEX","O",172.1,69.5,6
"P",89.8,"Deportiva",13554,"EXT","F",164.5,58.5,5
"P",82.2,"Deportiva",13555,"MEX","F",171.7,57.1,6
"U",81.3,"Deportiva",13556,"EXT","F",169.9,76.8,6
"U",80.5,"Ninguna",13557,"EXT","M",176.5,63.1,6
"U",89.5,"Ninguna",13558,"EXT","O",169.3,62.2,6
"U",87.9,"Ninguna",13559,"EXT","F",172.9,84.4,6
"U",79.5,"Cultura",13560,"MEX","M",180.4,72.4,6
"U",81.8,"Ninguna",13561,"MEX","F",167.5,67.8,7
"U",77.3,"Cultura",13562,"MEX","M",173.2,65.6,6
"U",74.8,"Cultura",13563,"MEX","M",177.6,72.2,6
"U",80.5,"Cultura",13564,"MEX","F",168.4,79.5,6
"U",73.9,"Ninguna",13565,"MEX","M",167.4,66.7,6
"U",82.3,"Ninguna",13566,"MEX","M",170.4,70.3,6
"U",87.3,"Ninguna",13567,"MEX","M",166.3,76.6,6
"U",77.2,"Ninguna",13568,"EXT","M",166.9,72.2,6
"P",77.6,"Cultura",13569,"MEX","O",170.8,75.8,6
"P",81,"Ninguna",13570,"EXT","F",171.4,74,6
"U",82.8,"Ninguna",13571,"MEX","F",162.4,61,6
"U",73.1,"Ninguna",13572,"MEX","M",165.1,79.5,6
"U",83,"Ninguna",13573,"MEX","O",165.8,73,6
"U",79.2,"Ninguna",13574,"EXT","M",170.3,79.4,7
"P",75.3,"Cultura",13575,"EXT","M",169.5,85.5,6
"U",75.2,"Cultura",13576,"EXT","F",173.2,65.7,6
"U",77.2,"Deportiva",13577,"MEX","F",169.6,74.3,7
"P",86.9,"Deportiva",13578,"MEX","F",168.9,72.1,6
"U",76.2,"Cultura",13579,"MEX","M",172.9,59.1,6
"U",76.4,"Ninguna",13580,"MEX","F",171.2,84.2,6
"U",89.1,"Ninguna",13581,"MEX","F",171.2,72.3,6
"U",82.3,"Cultura",13582,"MEX","O",168.6,69.7,6
"P",88,"Cultura",13583,"MEX","O",170.5,57.3,6
"P",79,"Deportiva",13584,"MEX","O",166.3,76.7,6
"P",75,"Cultura",13585,"MEX","O",183,54.4,6
"P",74.7,"Deportiva",13586,"MEX","F",167.6,81.2,6
"U",72.9,"Cultura",13587,"MEX","M",160.4,69.7,7
"U",76.6,"Ninguna",13588,"MEX","F",178.2,64.2,7
"U",84.8,"Deportiva",13589,"MEX","M",159.8,67.7,5
"U",79.7,"Ninguna",13590,"MEX","O",169.7,71.6,6
"P",81.3,"Ninguna",13591,"MEX","F",175.1,71.4,6
"U",70.5,"Ninguna",13592,"MEX","O",169.6,65.4,7
"U",76.1,"Deportiva",13593,"MEX","M",164.6,70,6
"U",72.7,"Ninguna",13594,"MEX","O",173.4,84.5,7
"P",75.4,"Cultura",13595,"EXT","O",176.4,68,7
"U",79.7,"Cultura",13596,"EXT","M",173.2,68.3,6
"P",80.7,"Ninguna",13597,"MEX","F",174.3,65.2,6
"U",83.2,"Ninguna",13598,"MEX","M",173.5,64,6
"U",86,"Ninguna",13599,"MEX","F",171.3,66.2,6
"P",75.6,"Cultura",13600,"MEX","O",175.6,72.2,6
"U",75.4,"Ninguna",13601,"MEX","F",174.3,70.7,6
"U",86,"Cultura",13602,"MEX","M",170.2,68.4,5
"U",83.4,"Cultura",13603,"MEX","M",170.9,71.2,6
"U",79.4,"Deportiva",13604,"MEX","O",161.8,66,5
"P",76.2,"Ninguna",13605,"EXT","M",158.1,59.4,5
"U",73.3,"Ninguna",13606,"MEX","F",166.4,72.5,6
"P",78.4,"Cultura",13607,"MEX","M",169,66.9,6
"P",89.4,"Ninguna",13608,"MEX","M",174.4,65.4,6
"P",94.3,"Ninguna",13609,"EXT","F",175.2,79.9,6
"U",79,"Cultura",13610,"MEX","M",163.7,63,7
"U",85.3,"Deportiva",13611,"MEX","F",159,74,7
"U",84.7,"Deportiva",13612,"EXT","M",163.2,76,7
"U",79.5,"Ninguna",13613,"MEX","F",161.4,66.8,5
"P",81.7,"Cultura",13614,"MEX","O",163.2,68.7,7
"P",79.9,"Ninguna",13615,"MEX","O",171.4,81.8,6
"U",90.7,"Cultura",13616,"EXT","F",165,71.7,6
"P",73.7,"Ninguna",13617,"MEX","F",164.1,74.5,6
"U",88.9,"Ninguna",13618,"MEX","M",170,58.7,6
"U",83.8,"Deportiva",13619,"EXT","F",164.4,63.2,6
"U",85.5,"Ninguna",13620,"EXT","F",172.5,80.5,7
"P",69.3,"Ninguna",13621,"EXT","F",165.3,60.9,5
"P",68.2,"Cultura",13622,"MEX","M",168.2,66.7,6
"P",82.4,"Deportiva",13623,"MEX","F",165.8,56,6
"U",77.4,"Ninguna",13624,"EXT","F",167.6,68.8,6
"U",89,"Deportiva",13625,"MEX","M",167.8,58.8,6
"U",76.7,"Ninguna",13626,"MEX","F",178.4,77.3,6
"P",81.9,"Ninguna",13627,"EXT","O",165.1,59.1,6
"U",82.4,"Cultura",13628,"EXT","F",164.5,76,6
"U",80.5,"Deportiva",13629,"EXT","M",172.5,72.9,6
"P",73.3,"Ninguna",13630,"EXT","F",169.3,70.6,6
"P",86.7,"Ninguna",13631,"EXT","F",167.9,75,6
"U",91.9,"Ninguna",13632,"MEX","F",158.6,75.6,6
"P",69.2,"Ninguna",13633,"MEX","O",174.2,85.5,5
"P",76.6,"Ninguna",13634,"MEX","M",172,79.5,7
"P",75.1,"Ninguna",13635,"MEX","F",172.8,71.9,5
"U",86.1,"Ninguna",13636,"MEX","M",172.8,67.1,6
"P",79.1,"Ninguna",13637,"MEX","M",164.4,66.8,5
"U",78.4,"Ninguna",13638,"MEX","O",173,76.7,6
"P",77.5,"Ninguna",13639,"MEX","F",163.5,85.3,6
"U",74.2,"Cultura",13640,"MEX","F",170.5,65.4,6
"U",70.3,"Ninguna",13641,"MEX","F",170.9,69.5,6
"U",80.8,"Deportiva",13642,"EXT","M",164.1,81.8,6
"P",84.7,"Deportiva",13643,"MEX","M",173.9,72.8,6
"P",82.8,"Deportiva",13644,"MEX","F",167.6,63.1,6
"U",69.6,"Cultura",13645,"EXT","F",169.7,78.9,6
"P",77.2,"Ninguna",13646,"MEX","O",179.4,62.5,6
"U",80.9,"Cultura",13647,"EXT","F",175.4,66.9,5
"P",80.1,"Cultura",13648,"MEX","F",163.1,65.9,6
"U",73.1,"Cultura",13649,"MEX","O",159.7,70.9,7
"U",76.1,"Ninguna",13650,"MEX","O",175.2,69.7,7
"U",87,"Deportiva",13651,"MEX","F",160,71.1,5
"U",87.6,"Ninguna",13652,"EXT","O",181.3,65.9,6
"P",86.1,"Cultura",13653,"MEX","F",177.4,72.9,6
"U",82.7,"Ninguna",13654,"MEX","F",186,57.3,7
"P",81.7,"Deportiva",13655,"MEX","O",164.8,72.3,6
"U",88.4,"Deportiva",13656,"MEX","M",164.4,67.9,7
"U",81.8,"Deportiva",13657,"EXT","F",172.1,68.3,6
"P",76.2,"Ninguna",13658,"MEX","M",165.5,68,6
"U",87,"Ninguna",13659,"MEX","F",182,70.3,5
"U",94.6,"Cultura",13660,"MEX","M",177.2,64.6,6
"U",82.1,"Cultura",13661,"MEX","O",175.7,57.8,5
"U",73.9,"Ninguna",13662,"MEX","F",169.9,80.7,7
"U",87,"Ninguna",13663,"MEX","F",164.3,83.9,5
"U",77.8,"Ninguna",13664,"MEX","M",166.6,66.1,6
"P",79.9,"Ninguna",13665,"MEX","F",169.8,72.4,6
"U",80.7,"Cultura",13666,"MEX","O",172.9,75.9,5
"P",83.5,"Cultura",13667,"MEX","M",173.1,72.5,7
"U",78.4,"Deportiva",13668,"MEX","F",173.8,58.8,6
"U",74.9,"Ninguna",13669,"MEX","O",168.3,77.3,6
"U",77.7,"Deportiva",13670,"MEX","F",179.8,71.6,5
"U",73.8,"Ninguna",13671,"EXT","M",167.7,69.6,5
"P",74.6,"Ninguna",13672,"MEX","F",178.2,67,7
"P",88.3,"Ninguna",13673,"MEX","F",182.5,68.4,6
"U",77,"Deportiva",13674,"MEX","O",172.1,70.1,7
"U",71.3,"Deportiva",13675,"MEX","O",167.8,73.4,6
"P",88.2,"Cultura",13676,"MEX","F",168.3,67.8,6
"P",81.9,"Deportiva",13677,"MEX","M",172.6,59.7,6
"U",83.5,"Cultura",13678,"MEX","F",159.4,71.2,7
"P",82.3,"Ninguna",13679,"MEX","O",168.4,52.2,6
"U",73.3,"Deportiva",13680,"MEX","O",161,78.5,6
"U",76.2,"Deportiva",13681,"MEX","F",172.9,65.4,6
"U",86.9,"Cultura",13682,"MEX","O",175.6,70,7
"U",75.7,"Ninguna",13683,"MEX","O",174.9,66.7,6
"P",78,"Ninguna",13684,"MEX","F",168.2,77.7,7
"U",86.9,"Ninguna",13685,"MEX","F",172.3,76.5,5
"U",81.7,"Cultura",13686,"EXT","F",175.4,76.1,6
"P",77.2,"Ninguna",13687,"EXT","M",171,78,6
"U",74.7,"Cultura",13688,"MEX","O",161.5,63.4,6
"U",80.5,"Ninguna",13689,"EXT","F",170.5,71.2,7
"U",86.5,"Ninguna",13690,"EXT","M",173.9,64.5,5
"U",70.2,"Ninguna",13691,"EXT","M",177.4,67,6
"U",76.3,"Cultura",13692,"MEX","F",168.1,77.7,5
"U",88,"Cultura",13693,"MEX","F",174.1,71.4,6
"U",85.4,"Ninguna",13694,"MEX","F",174,82.2,5
"U",77.2,"Cultura",13695,"MEX","O",168.3,63.3,5
"P",81.8,"Ninguna",13696,"MEX","O",164.1,59.8,6
"U",82.4,"Ninguna",13697,"EXT","M",174.9,86.2,6
"U",82.7,"Ninguna",13698,"MEX","F",175.5,73.6,6
"U",77.4,"Ninguna",13699,"MEX","O",168.9,80.6,6
"P",88.3,"Ninguna",13700,"MEX","F",161.4,68.2,7
"U",80.4,"Ninguna",13701,"MEX","O",186.7,71.5,6
"U",76.5,"Cultura",13702,"EXT","M",174.1,76.7,6
"U",81.2,"Ninguna",13703,"MEX","F",165.5,72.2,5
"U",83.8,"Deportiva",13704,"MEX","F",172,68.8,7
"U",82.6,"Ninguna",13705,"MEX","M",167,69.9,6
"U",86.2,"Ninguna",13706,"MEX","F",161.4,66.3,6
"P",85,"Ninguna",13707,"MEX","M",163.4,68.1,5
"U",82.6,"Ninguna",13708,"EXT","O",175.3,85.5,6
"U",79.1,"Ninguna",13709,"MEX","O",161.1,75.6,6
"P",77.9,"Cultura",13710,"MEX","M",170.7,73.2,7
"U",79.1,"Deportiva",13711,"EXT","O",170.2,70.6,5
"P",74.2,"Cultura",13712,"MEX","M",166.5,58.2,6
"U",75.4,"Cultura",13713,"EXT","M",173.3,73.3,6
"U",78.7,"Ninguna",13714,"MEX","M",176,65.3,5
"U",79.4,"Deportiva",13715,"MEX","O",167.4,65.5,6
"P",82.5,"Ninguna",13716,"MEX","M",160.5,89,6
"U",80.8,"Cultura",13717,"MEX","O",166.9,76.6,6
"U",71.6,"Ninguna",13718,"EXT","O",173.4,82,6
"P",80.3,"Cultura",13719,"MEX","M",169.5,70.4,7
"P",86.7,"Cultura",13720,"MEX","F",165.2,90.2,6
"U",83.7,"Ninguna",13721,"EXT","F",165.4,71,6
"U",84,"Ninguna",13722,"MEX","F",169.8,68.4,7
"U",83,"Ninguna",13723,"MEX","F",182.9,71.7,6
"P",79.3,"Cultura",13724,"EXT","O",167.5,77.8,5
"U",77.7,"Deportiva",13725,"MEX","F",162.3,84.5,7
"U",76.1,"Ninguna",13726,"MEX","O",171.2,70.2,6
"U",86,"Deportiva",13727,"EXT","F",177.5,72,6
"U",69.9,"Ninguna",13728,"EXT","O",169.2,76.8,6
"P",72.3,"Ninguna",13729,"EXT","O",167.4,71.5,6
"U",81.6,"Ninguna",13730,"MEX","M",171.8,71.2,6
"U",77.4,"Ninguna",13731,"MEX","F",175.5,59.6,6
"P",84.4,"Ninguna",13732,"MEX","F",167.5,72.3,6
"U",79.4,"Cultura",13733,"MEX","F",165.8,71.9,6
"U",78.4,"Ninguna",13734,"MEX","M",174.9,61.9,7
"U",82.3,"Ninguna",13735,"MEX","M",170.9,69,6
"U",81.5,"Cultura",13736,"EXT","M",182.2,71.9,6
"P",71.5,"Cultura",13737,"EXT","F",171.7,67,6
"U",77.4,"Ninguna",13738,"MEX","M",166.7,67.3,6
"U",88.9,"Cultura",13739,"MEX","O",171.7,65.4,5
"P",79.1,"Ninguna",13740,"MEX","M",170.9,73.8,7
"P",78,"Deportiva",13741,"MEX","F",184.1,69,6
"P",78.8,"Cultura",13742,"MEX","O",169.5,70,7
"P",87.2,"Ninguna",13743,"EXT","O",163.8,67.8,5
"P",81.2,"Ninguna",13744,"MEX","F",168.1,73.9,6
"P",69.4,"Cultura",13745,"MEX","O",164.4,64.1,5
"U",76.8,"Ninguna",13746,"MEX","O",172.2,77.5,7
"U",79,"Cultura",13747,"MEX","O",166.4,63.1,7
"U",72.1,"Ninguna",13748,"EXT","F",166.7,61,6
"P",78.8,"Ninguna",13749,"MEX","F",172.7,73.2,6
"U",83.2,"Ninguna",13750,"MEX","F",164.8,55.8,6
"U",77.9,"Cultura",13751,"MEX","M",165,72.8,6
"P",75.2,"Cultura",13752,"MEX","O",177.9,72.6,6
"U",87,"Ninguna",13753,"EXT","F",169.2,70,7
"U",81.7,"Deportiva",13754,"MEX","M",169.5,60.5,6
"P",78.3,"Ninguna",13755,"MEX","M",168.3,67.4,6
"P",79.6,"Ninguna",13756,"EXT","O",168,69.8,6
"P",73.6,"Deportiva",13757,"MEX","O",164.1,70.8,6
"P",78.6,"Ninguna",13758,"MEX","F",171.6,56.7,7
"U",77,"Deportiva",13759,"EXT","M",177,63.9,6
"U",76.3,"Deportiva",13760,"MEX","F",166.4,53,5
"U",78.5,"Ninguna",13761,"EXT","O",162.8,73.9,6
"U",86.6,"Ninguna",13762,"MEX","F",168.1,70.3,5
"U",72.8,"Cultura",13763,"MEX","F",170.8,72.4,6
"P",82.4,"Ninguna",13764,"MEX","F",168.7,72.5,6
"P",83.7,"Ninguna",13765,"MEX","M",178.4,64.9,6
"P",74.7,"Cultura",13766,"MEX","F",159.9,83,5
"U",79.8,"Ninguna",13767,"MEX","F",173.7,74,6
"U",87.8,"Ninguna",13768,"MEX","M",175.1,75.8,7
"P",72.3,"Ninguna",13769,"EXT","M",173.8,81.3,6
"U",84,"Ninguna",13770,"EXT","F",178,83.2,6
"U",78.8,"Deportiva",13771,"EXT","M",173.9,71.1,6
"U",84.1,"Ninguna",13772,"MEX","O",164.3,84.5,7
"P",81.6,"Ninguna",13773,"MEX","M",170.3,60,6
"U",77.1,"Deportiva",13774,"MEX","F",166,72.2,6
"U",79.6,"Cultura",13775,"MEX","O",182.8,72.9,6
"P",79.1,"Ninguna",13776,"MEX","F",178,77.3,6
"U",81.9,"Deportiva",13777,"MEX","F",175,71.1,6
"P",76.4,"Ninguna",13778,"EXT","F",161.2,61.4,5
"P",82.1,"Deportiva",13779,"MEX","O",167.7,72.7,6
"U",86.6,"Cultura",13780,"MEX","M",174.7,81.5,6
"U",84.6,"Ninguna",13781,"MEX","M",171.9,68.1,6
"U",78.1,"Cultura",13782,"EXT","M",165.9,73.6,6
"U",78.7,"Ninguna",13783,"EXT","F",163.2,75.4,7
"P",83,"Cultura",13784,"MEX","M",167.5,76,6
"U",81.3,"Deportiva",13785,"MEX","M",170.9,69.6,6
"U",77.9,"Cultura",13786,"MEX","F",161.9,65.7,7
"U",79.7,"Cultura",13787,"MEX","O",159.7,73.7,5
"P",75.5,"Cultura",13788,"MEX","O",179.9,86.3,7
"P",75.6,"Deportiva",13789,"MEX","M",173.4,74.3,6
"U",81.1,"Cultura",13790,"MEX","O",165,70.5,6
"U",85.9,"Ninguna",13791,"MEX","F",165.7,62.5,6
"U",88.4,"Cultura",13792,"MEX","O",176,64.1,6
"U",82.7,"Cultura",13793,"MEX","M",173.9,62.1,6
"P",86.2,"Ninguna",13794,"EXT","O",167.1,86.8,6
"P",82.7,"Ninguna",13795,"MEX","F",164.9,72.5,6
"U",86.5,"Deportiva",13796,"MEX","M",167.4,73,5
"P",89.1,"Ninguna",13797,"MEX","M",169.2,77.1,5
"U",81.9,"Ninguna",13798,"MEX","M",168.6,70.9,6
"U",79.3,"Ninguna",13799,"EXT","M",164.3,61.6,6
"U",74.8,"Cultura",13800,"MEX","F",183.7,74.5,6
"U",71.4,"Ninguna",13801,"MEX","F",175.7,59.6,6
"U",83.1,"Cultura",13802,"MEX","M",170.6,64.1,6
"U",79.5,"Deportiva",13803,"MEX","O",174,71.8,6
"P",86.8,"Cultura",13804,"EXT","F",167.6,59.8,6
"U",75,"Deportiva",13805,"MEX","F",167.1,68.2,6
"U",78.2,"Ninguna",13806,"MEX","F",163.9,74.7,5
"U",77.5,"Cultura",13807,"MEX","F",170.9,61.2,7
"U",75.9,"Cultura",13808,"EXT","F",164.1,68.1,7
"P",87.9,"Cultura",13809,"EXT","F",162,77.1,7
"P",76.9,"Ninguna",13810,"MEX","F",176.9,73.1,6
"U",88.1,"Cultura",13811,"MEX","F",163.3,69.5,6
"P",77.9,"Ninguna",13812,"MEX","M",166.3,69.9,6
"P",72.5,"Deportiva",13813,"EXT","M",168.7,84.2,6
"U",85.5,"Deportiva",13814,"EXT","F",170.1,77.4,6
"P",79.5,"Deportiva",13815,"MEX","M",178,68.1,6
"P",76.6,"Ninguna",13816,"MEX","F",171.7,69.8,6
"U",79.2,"Deportiva",13817,"EXT","F",169.8,57.6,6
"P",81.7,"Cultura",13818,"MEX","O",163.8,67.9,6
"P",77.1,"Ninguna",13819,"MEX","M",179,70.9,6
"P",81.5,"Ninguna",13820,"EXT","F",166.3,66.3,6
"U",79.4,"Ninguna",13821,"MEX","F",169.2,69.7,6
"P",83.4,"Deportiva",13822,"MEX","M",174.4,73.4,5
"U",80.9,"Ninguna",13823,"EXT","F",175.8,60.7,6
"U",80.5,"Ninguna",13824,"MEX","O",175.1,70.2,6
"P",85.4,"Cultura",13825,"MEX","F",176.2,77.9,7
"P",76.2,"Ninguna",13826,"MEX","M",168,72.3,7
"U",72.8,"Ninguna",13827,"MEX","F",164.4,74.5,6
"P",73.1,"Ninguna",13828,"MEX","F",176.2,73.2,7
"U",81,"Ninguna",13829,"EXT","F",173.3,59.5,5
"P",77.6,"Ninguna",13830,"MEX","M",160.2,77.3,6
"P",88.6,"Ninguna",13831,"MEX","M",172.5,67.8,6
"P",77.1,"Ninguna",13832,"MEX","M",170.1,77.2,5
"U",73.1,"Cultura",13833,"EXT","F",171.9,57.8,6
"U",76.1,"Cultura",13834,"MEX","M",171.1,58.5,7
"U",77.6,"Cultura",13835,"MEX","F",163.5,70,6
"P",74.1,"Ninguna",13836,"EXT","F",167.4,67.4,5
"P",83.7,"Ninguna",13837,"MEX","M",166.6,76.5,5
"U",82.2,"Ninguna",13838,"MEX","O",168.3,67.7,6
"P",80.4,"Ninguna",13839,"MEX","M",179.4,81.2,5
"P",76.4,"Ninguna",13840,"MEX","O",170.3,65.5,7
"U",81.1,"Ninguna",13841,"MEX","O",177.5,65.1,6
"U",83.1,"Ninguna",13842,"MEX","O",165.7,67.1,6
"U",85.3,"Cultura",13843,"EXT","F",166.8,81.2,6
"U",82.4,"Cultura",13844,"MEX","O",171,57,6
"U",78.7,"Ninguna",13845,"MEX","O",172.6,63.3,6
"P",79.1,"Cultura",13846,"MEX","F",163.8,64.7,6
"U",81.2,"Ninguna",13847,"MEX","M",167.1,71,5
"U",82.6,"Ninguna",13848,"MEX","M",166.3,66.6,6
"U",85.2,"Ninguna",13849,"MEX","M",163.9,63.5,7
"U",76.2,"Ninguna",13850,"MEX","F",174.6,68.4,6
"P",84,"Ninguna",13851,"MEX","M",175,73,6
"P",87.7,"Deportiva",13852,"EXT","F",164.6,62.4,6
"P",78.8,"Ninguna",13853,"MEX","F",171.6,78.1,6
"P",72.2,"Ninguna",13854,"MEX","O",166,65.1,6
"P",75.5,"Ninguna",13855,"EXT","M",165.5,65.3,6
"P",80.1,"Ninguna",13856,"MEX","F",161.1,65.4,6
"U",79.6,"Ninguna",13857,"EXT","F",175.9,73.7,6
"U",77,"Ninguna",13858,"EXT","F",181,64.7,5
"U",78.1,"Ninguna",13859,"MEX","O",185.9,63.9,7
"U",83.4,"Cultura",13860,"MEX","M",164.8,66.3,6
"U",90.5,"Cultura",13861,"MEX","M",166.6,64.3,7
"U",93.3,"Ninguna",13862,"EXT","M",173,71.1,6
"U",76.1,"Ninguna",13863,"EXT","F",170,72.8,5
"U",78.2,"Ninguna",13864,"MEX","F",164.7,70.5,6
"P",75.3,"Cultura",13865,"MEX","F",170.9,77.2,6
"U",74.1,"Ninguna",13866,"EXT","O",177.6,71.9,6
"U",86.9,"Ninguna",13867,"MEX","M",173,70.9,6
"U",77.3,"Deportiva",13868,"EXT","F",174.6,77,5
"U",79.9,"Ninguna",13869,"MEX","F",168.5,77.5,6
"U",85.6,"Deportiva",13870,"MEX","O",164.6,69.9,5
"P",68.1,"Cultura",13871,"MEX","M",166.3,62.5,7
"P",78.7,"Cultura",13872,"MEX","M",175.7,73.4,6
"U",80.2,"Cultura",13873,"MEX","O",178.4,68.1,6
"U",79.8,"Cultura",13874,"MEX","O",166.4,70.6,5
"U",77.9,"Ninguna",13875,"EXT","M",174.4,73.1,6
"P",85.5,"Cultura",13876,"MEX","M",172.1,74.9,5
"U",77.8,"Deportiva",13877,"MEX","F",158.2,70.6,6
"U",77.1,"Cultura",13878,"MEX","F",159.3,82.9,7
"U",77.8,"Ninguna",13879,"MEX","M",166.4,79.5,6
"P",77.5,"Ninguna",13880,"MEX","M",174.5,67.8,6
"U",82.1,"Deportiva",13881,"MEX","O",166.3,55.8,7
"P",75.7,"Ninguna",13882,"EXT","O",165.7,64.5,6
"P",64.1,"Ninguna",13883,"MEX","F",168.8,69.1,7
"U",76.9,"Ninguna",13884,"MEX","O",168.9,72.6,6
"U",86.6,"Cultura",13885,"MEX","F",178.2,69.5,6
"U",77,"Cultura",13886,"EXT","O",177.7,69,6
"U",80.4,"Ninguna",13887,"MEX","M",171.4,70.4,7
"U",82.8,"Ninguna",13888,"MEX","O",175.6,72.4,6
"P",76,"Deportiva",13889,"MEX","F",165.2,74.8,6
"U",77.2,"Deportiva",13890,"EXT","O",182.4,73.7,6
"U",66.7,"Cultura",13891,"MEX","F",157.5,65.4,6
"U",72.6,"Cultura",13892,"EXT","F",167.6,88,7
"U",73.4,"Ninguna",13893,"MEX","F",167.2,76.7,7
"U",93.9,"Cultura",13894,"MEX","O",174.1,58.3,7
"P",76.6,"Ninguna",13895,"EXT","M",159,72.4,6
"U",75.4,"Ninguna",13896,"MEX","F",166.7,74.4,6
"U",76.7,"Ninguna",13897,"MEX","M",165,71.1,7
"P",81.6,"Cultura",13898,"MEX","F",166.8,66.8,5
"P",84.6,"Ninguna",13899,"MEX","F",162.8,63.4,7
"U",68,"Ninguna",13900,"EXT","F",180.8,63.6,6
"U",93.8,"Ninguna",13901,"MEX","M",168.6,72.2,6
"U",79.7,"Ninguna",13902,"EXT","M",171.1,63.2,6
"P",79.4,"Cultura",13903,"MEX","F",161.9,61.6,5
"P",75.4,"Cultura",13904,"MEX","M",169.8,71.3,7
"U",87.9,"Cultura",13905,"MEX","M",166.9,80.7,5
"U",80.7,"Deportiva",13906,"MEX","O",169.2,67.3,6
"U",86.8,"Ninguna",13907,"MEX","O",160.2,77.4,6
"U",74.7,"Cultura",13908,"MEX","F",163.9,67.2,6
"U",76.2,"Ninguna",13909,"MEX","M",174.6,71.7,6
"P",76.3,"Deportiva",13910,"MEX","O",169.8,65.7,7
"U",84.4,"Cultura",13911,"MEX","F",173.8,72,6
"U",87.4,"Ninguna",13912,"EXT","M",165.1,83.6,6
"U",75.3,"Ninguna",13913,"MEX","F",162.3,82,6
"U",83.9,"Ninguna",13914,"MEX","O",171.4,81.5,5
"U",83.6,"Ninguna",13915,"MEX","F",169.8,64.5,6
"P",83.5,"Ninguna",13916,"MEX","M",166.9,75.4,6
"P",87.5,"Cultura",13917,"EXT","O",170.9,68.2,6
"U",80.9,"Ninguna",13918,"EXT","F",168.7,72.9,7
"P",77.4,"Cultura",13919,"EXT","O",167.6,70.1,6
"P",82.7,"Ninguna",13920,"MEX","M",163.4,70.3,6
"P",78.3,"Cultura",13921,"MEX","M",170.3,76.1,7
"U",78.8,"Deportiva",13922,"MEX","O",176.2,74.9,6
"U",75,"Ninguna",13923,"EXT","M",160.7,67.8,6
"U",83.2,"Ninguna",13924,"MEX","O",162.4,72.3,5
"U",83.7,"Ninguna",13925,"MEX","F",167.3,66.3,6
"P",75.2,"Deportiva",13926,"EXT","M",173.6,70.1,6
"U",79.6,"Ninguna",13927,"MEX","F",161.8,60.6,6
"P",84,"Cultura",13928,"EXT","F",170.4,52.9,6
"U",79.4,"Ninguna",13929,"MEX","M",165.8,75.7,6
"P",92.3,"Ninguna",13930,"MEX","M",169.2,71.8,5
"U",75,"Cultura",13931,"EXT","F",163,67.1,6
"P",78.4,"Ninguna",13932,"EXT","O",162.5,66.9,6
"P",82.7,"Cultura",13933,"MEX","M",170.3,66.2,5
"P",87.9,"Ninguna",13934,"EXT","F",173.3,74.7,6
"U",81.7,"Deportiva",13935,"MEX","F",157.5,59.3,5
"U",81.4,"Cultura",13936,"MEX","F",171.8,72.2,6
"U",84.9,"Deportiva",13937,"MEX","F",175.6,68.4,7
"U",71.4,"Ninguna",13938,"MEX","F",169.3,60,6
"U",80.1,"Ninguna",13939,"EXT","F",173.6,68.7,6
"P",83.9,"Cultura",13940,"EXT","M",177.1,75.3,6
"U",78.1,"Cultura",13941,"MEX","F",164.5,72.6,6
"U",79.7,"Cultura",13942,"MEX","O",182,73.6,5
"U",79.6,"Ninguna",13943,"MEX","O",163.2,67.8,5
"P",81.3,"Ninguna",13944,"EXT","M",171.6,55.2,6
"U",82.5,"Ninguna",13945,"MEX","F",171.6,55.5,6
"U",74.4,"Cultura",13946,"EXT","O",168.3,70.2,7
"U",77.5,"Cultura",13947,"MEX","O",180.2,78.1,5
"U",82.8,"Cultura",13948,"MEX","M",168.2,78.4,6
"U",77.6,"Ninguna",13949,"MEX","M",179.6,75.9,6
"P",87.4,"Ninguna",13950,"MEX","O",153.2,66.2,6
"U",75.6,"Ninguna",13951,"MEX","F",166.6,67.4,6
"U",77.1,"Deportiva",13952,"MEX","O",169.2,73.1,5
"U",82.9,"Deportiva",13953,"MEX","O",175.2,71.6,6
"U",73.4,"Ninguna",13954,"MEX","F",178.4,55.9,6
"U",82.7,"Ninguna",13955,"MEX","M",174.8,65.9,5
"U",80.1,"Ninguna",13956,"MEX","M",174.4,80.2,5
"U",80,"Deportiva",13957,"EXT","O",169.5,64.7,6
"U",79.9,"Ninguna",13958,"MEX","M",168.6,72.8,6
"P",89,"Deportiva",13959,"MEX","M",174.5,69.8,6
"U",82.5,"Cultura",13960,"MEX","F",172.9,68.7,7
"P",81.7,"Deportiva",13961,"MEX","O",163.8,66.2,7
"U",84.9,"Ninguna",13962,"EXT","F",168.9,70.9,6
"P",79.6,"Deportiva",13963,"EXT","F",173.4,65.2,7
"P",79.1,"Deportiva",13964,"MEX","M",173.1,76,6
"U",73.4,"Ninguna",13965,"MEX","O",177.8,65.7,6
"U",80.5,"Deportiva",13966,"MEX","M",164.8,72.5,6
"U",78.5,"Cultura",13967,"MEX","O",171.8,66.9,6
"P",77,"Cultura",13968,"MEX","O",166.1,56.1,6
"U",83.6,"Ninguna",13969,"MEX","F",170.2,63.5,6
"P",80.2,"Cultura",13970,"MEX","F",171.7,69.9,6
"U",72.4,"Cultura",13971,"EXT","M",160.4,80.7,6
"U",71.6,"Cultura",13972,"MEX","F",173.1,78.9,5
"U",77.7,"Deportiva",13973,"MEX","M",179.2,80.7,7
"U",86.3,"Ninguna",13974,"EXT","O",167.4,72.5,6
"U",75.8,"Ninguna",13975,"MEX","F",169.1,67.1,6
"U",77,"Ninguna",13976,"MEX","M",175.2,53.1,6
"U",76.9,"Ninguna",13977,"MEX","O",170.1,70,6
"U",75.1,"Deportiva",13978,"MEX","M",174.8,78.7,5
"U",78.6,"Deportiva",13979,"EXT","F",171.5,74.9,6
"P",86.6,"Deportiva",13980,"MEX","O",173.9,62.5,6
"U",86,"Ninguna",13981,"MEX","F",179.5,62.1,5
"U",76.7,"Ninguna",13982,"EXT","O",166.6,61.4,7
"U",92.4,"Ninguna",13983,"MEX","M",168.3,76.4,7
"U",80.2,"Ninguna",13984,"EXT","O",169.7,72.6,6
"P",76,"Ninguna",13985,"MEX","F",173.6,68.5,7
"P",83.7,"Cultura",13986,"MEX","O",177.6,79.3,6
"U",87.5,"Cultura",13987,"MEX","O",179.3,76.9,5
"U",82.2,"Cultura",13988,"MEX","F",170.1,61.6,6
"U",81.3,"Deportiva",13989,"MEX","F",175.7,64.3,6
"P",80,"Cultura",13990,"MEX","O",178.9,78.4,5
"P",76.6,"Ninguna",13991,"MEX","M",164.6,70.4,7
"P",85.5,"Deportiva",13992,"MEX","F",172.2,77,6
"P",76.6,"Ninguna",13993,"MEX","O",177.2,69,5
"U",75.5,"Cultura",13994,"EXT","M",160.6,65.3,5
"U",87.9,"Ninguna",13995,"MEX","F",176.8,73.3,7
"U",79.2,"Cultura",13996,"MEX","F",155.8,73.4,6
"U",77.2,"Deportiva",13997,"MEX","M",165.3,72.5,6
"U",72.6,"Ninguna",13998,"EXT","M",160.9,62.3,7
"U",82.7,"Cultura",13999,"MEX","F",166.2,75.7,6
"U",78.1,"Cultura",14000,"MEX","O",183,73.2,6
"P",74.3,"Ninguna",14001,"MEX","M",175.8,83.6,5
"U",71.3,"Ninguna",14002,"MEX","F",176.1,68,7
"U",86.6,"Cultura",14003,"MEX","O",171.6,63.4,7
"P",77.6,"Ninguna",14004,"MEX","M",166.6,67.8,7
"U",75.4,"Deportiva",14005,"MEX","O",167.5,71.5,6
"U",93,"Cultura",14006,"MEX","M",167.7,71.2,7
"U",75.2,"Deportiva",14007,"MEX","M",174.3,70.8,6
"U",76.7,"Cultura",14008,"EXT","M",164.1,50.2,6
"U",81.5,"Deportiva",14009,"MEX","F",164.3,81.5,6
"P",78.4,"Cultura",14010,"MEX","M",166.3,65.9,6
"P",73.1,"Deportiva",14011,"MEX","F",177.1,77.6,6
"U",77.1,"Cultura",14012,"MEX","F",172.9,78.1,6
"P",90.9,"Ninguna",14013,"MEX","F",170.9,75.2,5
"P",75.6,"Cultura",14014,"MEX","M",157,66.9,7
"U",91.9,"Ninguna",14015,"MEX","F",168.5,62.6,5
"U",73.7,"Ninguna",14016,"MEX","O",173.1,69.3,6
"U",80.3,"Ninguna",14017,"MEX","M",167.9,68.6,5
"U",70.5,"Cultura",14018,"EXT","F",180.2,70.4,6
"U",79.5,"Ninguna",14019,"EXT","M",174.9,70.3,7
"P",76.8,"Ninguna",14020,"MEX","O",177.2,63.8,6
"U",86.3,"Ninguna",14021,"MEX","M",166.3,75,6
"P",78.7,"Ninguna",14022,"EXT","F",171.9,60,6
"P",81.9,"Ninguna",14023,"MEX","O",167.6,70.1,5
"U",87.3,"Deportiva",14024,"EXT","O",177.5,64.7,6
"P",82.5,"Ninguna",14025,"EXT","F",177.2,74.7,6
"U",80,"Ninguna",14026,"MEX","F",167.6,71.4,6
"P",76.1,"Ninguna",14027,"EXT","M",185.1,69.5,6
"U",82.7,"Ninguna",14028,"MEX","F",167.3,61.5,7
"P",75.7,"Deportiva",14029,"EXT","M",173.7,59.7,6
"U",73.6,"Cultura",14030,"MEX","O",174.6,69.9,6
"U",82.7,"Cultura",14031,"MEX","F",164.1,71.8,6
"U",72.7,"Cultura",14032,"EXT","O",176.7,63.2,5
"U",81.9,"Ninguna",14033,"MEX","F",162.5,68.9,6
"U",71.4,"Ninguna",14034,"MEX","M",173.2,72.1,6
"P",73.8,"Ninguna",14035,"MEX","F",175.3,68.7,6
"U",80,"Ninguna",14036,"EXT","O",178.1,76.2,6
"U",78.9,"Cultura",14037,"MEX","M",164.1,79.3,5
"U",76,"Ninguna",14038,"MEX","F",161.3,73.7,6
"U",79,"Ninguna",14039,"EXT","F",156.8,60.5,6
"U",74.4,"Ninguna",14040,"MEX","F",175.4,85.4,7
"P",77.4,"Cultura",14041,"EXT","F",177.5,71.7,6
"U",82.5,"Ninguna",14042,"MEX","M",160.3,80,6
"U",80.2,"Ninguna",14043,"MEX","F",175.7,69.5,6
"U",81.6,"Deportiva",14044,"MEX","O",173.2,63.6,6
"U",83.7,"Deportiva",14045,"MEX","O",171.4,64.3,6
"U",81.1,"Ninguna",14046,"MEX","M",159.9,69.5,5
"U",80,"Ninguna",14047,"MEX","O",166.5,71.4,5
"P",90.3,"Deportiva",14048,"MEX","F",165.9,67.2,6
"U",77.5,"Ninguna",14049,"MEX","F",169.1,60.7,5
"U",76.6,"Cultura",14050,"MEX","F",178.2,75.6,5
"U",79.8,"Ninguna",14051,"MEX","F",161.1,55.1,6
"P",80.6,"Cultura",14052,"MEX","O",169.4,74.9,6
"U",81.2,"Cultura",14053,"EXT","M",171,59.6,6
"U",78.8,"Deportiva",14054,"MEX","O",174.5,68.2,6
"U",78.8,"Ninguna",14055,"MEX","F",167.1,82.1,6
"U",76,"Cultura",14056,"MEX","M",168.1,69.6,6
"U",86.5,"Cultura",14057,"MEX","F",167.8,66.5,5
"U",82.2,"Cultura",14058,"MEX","M",170.7,62.6,6
"U",71.5,"Ninguna",14059,"EXT","F",175.1,66.6,6
"U",76.2,"Ninguna",14060,"EXT","M",162.8,65.2,6
"U",86.4,"Cultura",14061,"MEX","F",164.9,59.4,5
"U",82.6,"Ninguna",14062,"EXT","F",166.6,70.5,5
"U",81.1,"Deportiva",14063,"EXT","M",169.6,77.2,6
"U",76.8,"Ninguna",14064,"MEX","M",175.2,59,6
"U",83.4,"Ninguna",14065,"MEX","F",172.6,66.7,6
"P",84.4,"Ninguna",14066,"MEX","O",169.3,67.1,6
"U",81,"Deportiva",14067,"EXT","O",183.6,80,6
"U",82.9,"Deportiva",14068,"EXT","M",175,77.3,6
"P",85,"Ninguna",14069,"EXT","M",165.8,84.6,7
"U",92.8,"Deportiva",14070,"MEX","O",172.6,67.5,6
"U",85.9,"Deportiva",14071,"MEX","M",167.7,68.7,6
"U",78.6,"Deportiva",14072,"MEX","M",165.6,71.6,7
"P",72.9,"Ninguna",14073,"MEX","M",171.7,67.2,6
"U",80.9,"Ninguna",14074,"MEX","F",162.8,70.9,6
"U",82.8,"Ninguna",14075,"MEX","M",163.9,57.9,6
"P",72.8,"Ninguna",14076,"MEX","O",173.9,68.4,5
"P",75.1,"Ninguna",14077,"EXT","M",163.3,72.8,6
"P",87.3,"Ninguna",14078,"MEX","F",163.8,82.8,6
"U",88.7,"Cultura",14079,"MEX","F",168.4,60.1,6
"U",76,"Deportiva",14080,"MEX","M",172.4,74.7,6
"U",78.6,"Ninguna",14081,"MEX","M",170.9,71,6
"U",77.5,"Ninguna",14082,"MEX","M",161.8,64.7,6
"U",74,"Ninguna",14083,"MEX","O",171.7,71,6
"P",86,"Deportiva",14084,"MEX","M",171.1,66.6,6
"U",73.8,"Cultura",14085,"EXT","M",178.9,69.5,6
"U",77.4,"Ninguna",14086,"MEX","M",171.9,75.8,7
"U",80.7,"Ninguna",14087,"MEX","F",168,75.3,6
"U",81.6,"Ninguna",14088,"EXT","F",163.9,79.2,6
"P",82.8,"Ninguna",14089,"MEX","O",162.8,63.8,6
"U",76.1,"Ninguna",14090,"MEX","M",175.9,75.3,6
"P",82.6,"Deportiva",14091,"EXT","M",173.4,67.1,6
"U",73.2,"Ninguna",14092,"MEX","M",165.9,77.3,6
"U",76.7,"Cultura",14093,"EXT","O",166.8,71.5,6
"U",76.5,"Ninguna",14094,"MEX","O",165.8,73.3,6
"U",78.9,"Ninguna",14095,"EXT","F",165.2,66.5,6
"U",78.2,"Cultura",14096,"MEX","M",173.7,80.4,6
"U",78.9,"Ninguna",14097,"MEX","M",175.4,77,6
"U",79.4,"Ninguna",14098,"MEX","F",179.4,68.4,6
"P",77.4,"Ninguna",14099,"EXT","F",172.9,89.5,7
"U",85.5,"Cultura",14100,"MEX","O",169.6,72.3,6
"P",81.1,"Ninguna",14101,"MEX","M",176,65.6,7
"U",82.6,"Ninguna",14102,"MEX","F",159.4,74.2,6
"U",72.2,"Cultura",14103,"MEX","M",165.1,70.9,6
"P",78.6,"Ninguna",14104,"MEX","F",172,66.4,6
"U",80.2,"Cultura",14105,"MEX","O",169.7,76.8,6
"U",89.3,"Ninguna",14106,"MEX","M",166.7,64.6,6
"U",70.6,"Deportiva",14107,"MEX","M",169.3,60.5,5
"U",78.7,"Deportiva",14108,"MEX","M",168.6,82.6,6
"U",76.6,"Deportiva",14109,"EXT","M",160.5,72.9,6
"P",72,"Ninguna",14110,"MEX","M",171.9,67.4,6
"P",83,"Ninguna",14111,"EXT","M",169.3,77,5
"U",75.3,"Cultura",14112,"EXT","F",172.4,69.1,7
"U",80.3,"Ninguna",14113,"MEX","F",168.1,60.9,7
"U",76.1,"Deportiva",14114,"MEX","F",180.5,79,7
"U",80.6,"Ninguna",14115,"MEX","F",172.8,64.8,6
"U",73,"Deportiva",14116,"MEX","O",171.3,72.6,6
"U",75,"Ninguna",14117,"MEX","M",165.9,63.5,6
"U",80.1,"Ninguna",14118,"MEX","M",159.8,74.8,6
"U",80.4,"Deportiva",14119,"MEX","M",168.2,72.9,6
"U",78,"Cultura",14120,"MEX","O",178.7,79.7,6
"U",79.3,"Ninguna",14121,"MEX","O",168.3,85.2,6
"U",83,"Ninguna",14122,"MEX","M",167.7,67.6,7
"U",75.3,"Cultura",14123,"EXT","M",175.1,70.8,6
"U",76.2,"Ninguna",14124,"MEX","M",171.4,68.7,7
"P",85.4,"Cultura",14125,"MEX","F",168,62.3,6
"U",81.7,"Deportiva",14126,"MEX","F",171,71.3,6
"U",76.8,"Ninguna",14127,"MEX","F",171.8,60.3,6
"U",81.2,"Cultura",14128,"MEX","O",168.3,61.6,6
"U",84.9,"Ninguna",14129,"EXT","F",184.7,66.6,6
"U",78.5,"Ninguna",14130,"MEX","O",182.6,78.8,6
"P",79.2,"Ninguna",14131,"EXT","O",170.4,78.7,6
"U",78.8,"Ninguna",14132,"EXT","M",165.2,66.9,6
"U",78.1,"Ninguna",14133,"MEX","F",167.6,67.1,6
"P",84.1,"Ninguna",14134,"MEX","M",164.7,82.1,6
"U",86.6,"Ninguna",14135,"MEX","M",162.7,65.5,6
"U",75.3,"Cultura",14136,"MEX","F",160.5,67.2,5
"P",84.4,"Cultura",14137,"MEX","F",171.2,75.1,5
"U",67.2,"Ninguna",14138,"MEX","M",162.9,71.3,5
"P",82.6,"Deportiva",14139,"MEX","M",171.3,71.4,6
"U",78.5,"Ninguna",14140,"MEX","M",172.7,79.2,6
"U",84.2,"Cultura",14141,"EXT","F",162.4,65.1,6
"P",79.1,"Ninguna",14142,"MEX","O",167.8,65.6,6
"P",86.8,"Cultura",14143,"MEX","F",170,59.1,5
"U",76.5,"Ninguna",14144,"MEX","M",176.6,68.1,6
"U",82.2,"Ninguna",14145,"MEX","O",165.8,61.6,6
"P",83.3,"Cultura",14146,"EXT","M",165.6,70,6
"U",82,"Ninguna",14147,"MEX","F",183.7,58.9,6
"P",82.5,"Ninguna",14148,"MEX","F",162.4,77.4,6
"U",82.9,"Cultura",14149,"MEX","F",177.7,65.8,6
"U",76.5,"Deportiva",14150,"MEX","O",176,60.3,6
"P",77.9,"Ninguna",14151,"MEX","F",168.8,67.6,6
"U",82.8,"Ninguna",14152,"MEX","F",170.9,79.6,7
"U",75.7,"Ninguna",14153,"MEX","M",176.2,67.4,6
"P",81.2,"Cultura",14154,"MEX","F",173.4,62.7,6
"U",74.5,"Ninguna",14155,"MEX","M",168.1,63.1,6
"U",78.5,"Deportiva",14156,"MEX","M",167.1,62.8,6
"P",83.4,"Ninguna",14157,"MEX","M",180.2,66.4,6
"U",86.4,"Deportiva",14158,"MEX","F",163.1,61.2,6
"U",69.4,"Cultura",14159,"MEX","M",164.7,81.6,6
"U",77.6,"Ninguna",14160,"MEX","F",163.9,65.3,6
"U",79.2,"Cultura",14161,"EXT","O",176.6,77.6,6
"P",71.2,"Ninguna",14162,"EXT","F",179.2,71.3,6
"U",75.9,"Cultura",14163,"MEX","O",168.5,73.7,7
"U",87,"Deportiva",14164,"MEX","M",166.1,64.8,5
"P",83.5,"Ninguna",14165,"MEX","M",177.1,71.8,5
"P",80,"Ninguna",14166,"MEX","F",166.4,54.7,6
"U",84.2,"Cultura",14167,"MEX","O",165.2,60.3,6
"U",78,"Deportiva",14168,"MEX","M",176.9,68.4,5
"P",79.2,"Deportiva",14169,"MEX","M",168.7,69,6
"U",91.3,"Ninguna",14170,"MEX","F",160.6,81.1,7
"P",79.6,"Ninguna",14171,"MEX","F",165.5,66.3,5
"U",83.7,"Cultura",14172,"MEX","M",163.2,64.2,6
"P",84.3,"Ninguna",14173,"MEX","M",172.3,71.6,6
"P",79.8,"Ninguna",14174,"MEX","M",157.8,69.9,6
"U",78.2,"Ninguna",14175,"MEX","F",176,57.2,6
"U",96.7,"Ninguna",14176,"MEX","F",178.7,69.4,6
"U",82.4,"Cultura",14177,"MEX","F",162.1,74.8,6
"U",75.3,"Cultura",14178,"MEX","F",169.1,73.1,7
"P",79.3,"Deportiva",14179,"MEX","F",171.1,64.1,6
"P",74.6,"Cultura",14180,"MEX","M",167.4,55.9,7
"U",75.5,"Cultura",14181,"MEX","F",164,71,6
"U",74.3,"Ninguna",14182,"EXT","M",176.2,56.9,6
"P",81.7,"Cultura",14183,"MEX","M",184.5,66.9,6
"U",89.2,"Deportiva",14184,"EXT","M",172.1,71.7,5
"U",75,"Cultura",14185,"MEX","F",167.9,63.5,6
"U",78.3,"Cultura",14186,"MEX","F",162.5,74.8,7
"U",78.1,"Ninguna",14187,"MEX","F",171.4,65.3,6
"U",77.4,"Cultura",14188,"MEX","M",178.3,77.4,6
"P",76.4,"Ninguna",14189,"EXT","F",171.3,72.3,6
"U",80.8,"Deportiva",14190,"EXT","M",170.2,82.1,7
"P",72.9,"Deportiva",14191,"MEX","F",166.8,66.1,6
"U",79.9,"Ninguna",14192,"MEX","M",165.1,72.2,6
"U",70.3,"Deportiva",14193,"EXT","M",170.6,55.5,6
"P",75.7,"Cultura",14194,"EXT","O",179.1,64.2,6
"P",82.3,"Deportiva",14195,"MEX","O",166.9,67.9,6
"U",81.1,"Ninguna",14196,"EXT","O",167.5,59.1,7
"U",79.6,"Ninguna",14197,"MEX","M",165.2,67.8,5
"U",69.1,"Cultura",14198,"MEX","O",164.9,74.7,5
"P",84.2,"Ninguna",14199,"MEX","M",176.8,69,6
"U",82.3,"Cultura",14200,"MEX","O",178.3,61.3,7
"U",81.3,"Cultura",14201,"MEX","O",167.9,76.6,6
"P",75.5,"Ninguna",14202,"MEX","F",164.7,68.1,6
"U",84.6,"Ninguna",14203,"MEX","O",167.5,76.5,6
"P",75.6,"Ninguna",14204,"MEX","O",159.5,77.6,6
"P",77,"Deportiva",14205,"MEX","O",176.3,69.7,6
"U",79.9,"Cultura",14206,"MEX","M",175.3,65,6
"U",81.9,"Cultura",14207,"MEX","F",161.8,76.7,6
"P",75.6,"Deportiva",14208,"MEX","F",181.4,78.1,6
"P",86.3,"Deportiva",14209,"MEX","M",164.6,68,6
"U",85.8,"Ninguna",14210,"MEX","M",163.7,55.1,6
"U",73.6,"Ninguna",14211,"EXT","F",164.3,62.1,6
"P",87.3,"Deportiva",14212,"MEX","F",168,60.9,5
"P",76.5,"Cultura",14213,"MEX","F",174.5,80.8,6
"U",84.8,"Cultura",14214,"MEX","O",175.2,71.5,6
"U",67.3,"Ninguna",14215,"MEX","O",177.6,68,5
"P",78.1,"Cultura",14216,"MEX","M",184.1,60.7,6
"U",77.9,"Cultura",14217,"MEX","O",165.1,65.5,6
"U",85.3,"Ninguna",14218,"MEX","M",162.7,67.2,6
"P",87.6,"Ninguna",14219,"MEX","M",169,72.9,6
"P",80.8,"Cultura",14220,"MEX","O",173.2,65,6
"P",75,"Ninguna",14221,"MEX","F",171.2,66.7,5
"U",80.4,"Cultura",14222,"EXT","O",173.4,64.3,6
"U",89,"Deportiva",14223,"EXT","O",175.8,74.8,5
"P",77.6,"Ninguna",14224,"EXT","M",160,59.7,6
"U",72.4,"Ninguna",14225,"MEX","M",170.5,71.6,6
"U",83,"Cultura",14226,"MEX","O",177.6,76.5,6
"U",82.8,"Ninguna",14227,"MEX","M",167.4,65.4,5
"U",75.5,"Cultura",14228,"MEX","M",177,84.6,6
"U",75.7,"Ninguna",14229,"MEX","M",171.9,74.1,7
"U",71.2,"Ninguna",14230,"EXT","F",166.7,72.4,5
"P",77.4,"Ninguna",14231,"MEX","O",167.5,76.9,6
"U",80.7,"Cultura",14232,"MEX","M",173.3,73.6,7
"U",81.4,"Deportiva",14233,"MEX","M",177.8,72.4,6
"U",89.1,"Ninguna",14234,"EXT","M",172.4,73.6,6
"U",86.9,"Ninguna",14235,"MEX","F",168.6,72.2,6
"P",80.4,"Ninguna",14236,"MEX","F",170.5,70.2,6
"P",78.4,"Cultura",14237,"EXT","M",176.1,69,6
"U",68.8,"Deportiva",14238,"EXT","F",168.2,62.9,6
"U",79.1,"Ninguna",14239,"MEX","M",173.5,74.3,6
"U",74.2,"Deportiva",14240,"MEX","F",172.2,65.9,6
"U",84.8,"Deportiva",14241,"MEX","M",169.2,70.3,6
"U",84.2,"Cultura",14242,"MEX","O",172.1,66.3,6
"U",75.8,"Ninguna",14243,"MEX","F",172.6,71,6
"U",75.4,"Ninguna",14244,"MEX","F",165.1,71.2,7
"U",79.6,"Ninguna",14245,"MEX","O",169.2,79.7,6
"P",80.9,"Cultura",14246,"MEX","F",171.3,73.5,6
"U",75.5,"Ninguna",14247,"MEX","O",176,73.3,5
"U",79.7,"Ninguna",14248,"MEX","M",154.4,76.1,5
"U",71.1,"Ninguna",14249,"EXT","M",162.9,63.9,6
"U",81.7,"Cultura",14250,"MEX","F",161,65.5,5
"U",66.9,"Ninguna",14251,"MEX","M",168.7,80.9,6
"U",72.7,"Ninguna",14252,"MEX","M",178.1,80.5,6
"U",82.2,"Ninguna",14253,"MEX","O",170.4,65.6,6
"P",77.7,"Deportiva",14254,"MEX","O",169.4,68.8,6
"U",80.3,"Ninguna",14255,"MEX","M",167.4,74.3,6
"U",81.7,"Cultura",14256,"EXT","O",163.7,77.9,5
"U",78.7,"Cultura",14257,"MEX","M",160.9,63.1,6
"U",75.4,"Cultura",14258,"MEX","F",182.6,69.2,6
"U",86.1,"Ninguna",14259,"MEX","F",165.2,74.9,5
"U",83.2,"Ninguna",14260,"MEX","F",173.6,67.7,6
"U",73.7,"Ninguna",14261,"MEX","M",171.8,76.4,5
"U",82.4,"Ninguna",14262,"EXT","F",167.9,54.9,6
"U",86.3,"Ninguna",14263,"MEX","M",168.4,72.7,5
"U",86.3,"Cultura",14264,"MEX","F",176.9,81.3,6
"U",69.4,"Ninguna",14265,"MEX","F",156.2,74.9,6
"U",75,"Ninguna",14266,"MEX","M",171.8,73.5,6
"P",79.7,"Ninguna",14267,"MEX","M",166.1,74.4,6
"P",82.4,"Cultura",14268,"MEX","F",172.1,65.3,7
"U",82.1,"Cultura",14269,"EXT","F",170.9,68.9,7
"U",81.8,"Ninguna",14270,"MEX","F",174.6,71.8,6
"U",77.3,"Ninguna",14271,"MEX","O",180.9,62.9,6
"U",78.8,"Ninguna",14272,"MEX","F",167.6,75.6,7
"U",87.5,"Ninguna",14273,"EXT","O",173.9,76.8,6
"P",81.2,"Ninguna",14274,"MEX","O",174.2,79.4,7
"P",81.3,"Ninguna",14275,"EXT","F",177.1,65,6
"U",87.8,"Ninguna",14276,"EXT","M",173,67.8,5
"U",83.2,"Deportiva",14277,"MEX","F",182.6,67.4,6
"U",82.6,"Ninguna",14278,"MEX","F",162.3,56.6,6
"U",74.5,"Deportiva",14279,"MEX","F",182.7,82.6,6
"U",80.5,"Cultura",14280,"MEX","M",174.5,72,6
"U",87,"Cultura",14281,"MEX","O",183.6,58.8,6
"U",72.1,"Cultura",14282,"MEX","M",177.1,62,6
"U",82.7,"Cultura",14283,"EXT","M",165.5,65.8,6
"P",85.8,"Deportiva",14284,"MEX","O",166.1,61.4,6
"U",76.7,"Cultura",14285,"MEX","M",168.2,65.8,6
"P",84.7,"Cultura",14286,"MEX","O",172.6,65.5,6
"P",85.1,"Cultura",14287,"MEX","M",172.7,68.7,7
"U",82.9,"Cultura",14288,"MEX","F",165.3,75.3,6
"U",78.6,"Deportiva",14289,"MEX","F",171.1,73.6,6
"U",74.9,"Ninguna",14290,"MEX","M",161.9,67.1,6
"U",78.7,"Ninguna",14291,"MEX","F",173.4,65,6
"U",81.6,"Deportiva",14292,"MEX","F",163.9,71.6,7
"U",68.6,"Ninguna",14293,"MEX","M",172.5,93.3,7
"U",73.7,"Deportiva",14294,"MEX","M",167.9,81.5,5
"U",70.4,"Cultura",14295,"MEX","O",163.6,77.9,5
"P",79.3,"Cultura",14296,"MEX","O",168.4,69.6,5
"U",76.8,"Ninguna",14297,"EXT","O",170,65,5
"U",82.4,"Ninguna",14298,"MEX","M",175.3,64.5,6
"U",80.9,"Ninguna",14299,"MEX","M",173.3,73.9,6
"U",81.8,"Deportiva",14300,"EXT","M",166.3,83.9,6
"U",84.9,"Ninguna",14301,"MEX","O",164.8,70.3,6
"U",77.5,"Cultura",14302,"MEX","M",170.2,58.6,5
"U",82.6,"Deportiva",14303,"MEX","M",177.2,60.3,6
"U",82.7,"Ninguna",14304,"MEX","O",164.6,70.8,6
"U",78.6,"Ninguna",14305,"MEX","F",166.5,66.8,6
"U",85.4,"Cultura",14306,"MEX","O",166.3,72.5,6
"U",81.8,"Deportiva",14307,"MEX","F",166.8,53.8,6
"P",88.6,"Cultura",14308,"MEX","F",167.2,63.6,6
"P",80,"Ninguna",14309,"EXT","F",168.5,64,6
"P",85.4,"Ninguna",14310,"EXT","M",180.1,66.4,5
"U",75.1,"Ninguna",14311,"MEX","F",174.6,60.2,6
"U",78.1,"Cultura",14312,"MEX","F",170.8,67.1,5
"U",75.7,"Cultura",14313,"MEX","F",169.1,83,5
"U",81,"Ninguna",14314,"MEX","F",176.6,68.5,5
"U",78.8,"Ninguna",14315,"MEX","O",169,67.8,6
"U",80.6,"Cultura",14316,"EXT","M",163.8,69,6
"P",82.8,"Cultura",14317,"MEX","F",174.1,75.6,5
"U",87.1,"Cultura",14318,"MEX","M",170.9,75.2,7
"U",83.3,"Ninguna",14319,"EXT","F",173,72.4,6
"P",82,"Deportiva",14320,"EXT","M",175,77.3,6
"U",80.7,"Cultura",14321,"MEX","O",165.7,72.4,6
"U",82.4,"Cultura",14322,"EXT","O",160.4,79.6,7
"U",86.2,"Ninguna",14323,"EXT","O",167.3,59.9,6
"P",77.4,"Ninguna",14324,"MEX","F",173.4,74.6,5
"U",74.1,"Deportiva",14325,"MEX","F",182.1,62.9,6
"U",81.3,"Deportiva",14326,"MEX","F",171.1,70,6
"U",81.2,"Cultura",14327,"MEX","M",163.9,72.7,7
"U",76.8,"Ninguna",14328,"MEX","M",165.1,63.3,6
"P",87.4,"Deportiva",14329,"MEX","O",166.6,60.3,6
"U",75.1,"Ninguna",14330,"MEX","F",174.1,76.1,6
"U",80.2,"Ninguna",14331,"MEX","F",170.4,70.5,5
"P",75.7,"Cultura",14332,"EXT","O",177.6,75.5,7
"P",81,"Ninguna",14333,"MEX","O",174.9,77.8,6
"U",79.3,"Ninguna",14334,"MEX","M",172.4,91.9,7
"U",84,"Ninguna",14335,"EXT","M",170.8,61.2,6
"U",82.8,"Cultura",14336,"MEX","F",165.9,69.3,6
"P",78.3,"Ninguna",14337,"MEX","M",173.7,62.2,7
"P",81.8,"Ninguna",14338,"MEX","F",169.1,74,6
"P",80.6,"Ninguna",14339,"MEX","O",172.8,71.1,6
"P",86.9,"Ninguna",14340,"MEX","M",172.9,79.2,6
"U",72.6,"Ninguna",14341,"MEX","F",172.5,75.4,6
"P",75.1,"Ninguna",14342,"MEX","F",167.9,80.3,6
"P",79.5,"Cultura",14343,"MEX","F",170.1,67.9,7
"U",77.4,"Ninguna",14344,"MEX","F",167.5,70.8,6
"P",79.5,"Ninguna",14345,"MEX","O",173,63.6,6
"U",78.1,"Ninguna",14346,"MEX","M",168.7,65.9,6
"U",82.1,"Cultura",14347,"MEX","O",165.2,55.9,6
"U",90.3,"Ninguna",14348,"EXT","O",165.8,68,6
"U",80.1,"Cultura",14349,"EXT","F",156.5,69.4,6
"U",75.4,"Ninguna",14350,"MEX","O",165.9,74.7,6
"P",85.3,"Cultura",14351,"MEX","F",176.9,76.1,6
"U",76.8,"Ninguna",14352,"MEX","F",165.3,65.8,6
"U",79.3,"Cultura",14353,"EXT","F",170.3,82.2,5
"U",78,"Cultura",14354,"MEX","F",169.1,67.1,6
"P",81.3,"Cultura",14355,"MEX","F",175.1,64.3,6
"U",82.5,"Cultura",14356,"MEX","F",172.3,77.8,6
"U",71.9,"Deportiva",14357,"MEX","O",174.1,64.8,6
"P",77.6,"Deportiva",14358,"MEX","F",174.5,61.4,6
"P",81.1,"Ninguna",14359,"EXT","M",173.1,81.1,6
"U",92.4,"Ninguna",14360,"MEX","F",177.4,67.6,6
"U",80.6,"Cultura",14361,"MEX","F",167.6,69.7,7
"U",80.9,"Ninguna",14362,"MEX","F",168.4,77.4,7
"U",80,"Deportiva",14363,"EXT","M",157.8,56.2,6
"U",77.2,"Ninguna",14364,"EXT","M",170.9,70,5
"P",77.7,"Cultura",14365,"MEX","F",164.3,83.8,6
"P",83.9,"Cultura",14366,"MEX","M",179.6,62.7,6
"U",81.8,"Ninguna",14367,"MEX","F",166.6,71.3,6
"U",80.9,"Ninguna",14368,"MEX","M",169.4,71.9,6
"U",76.6,"Deportiva",14369,"EXT","O",167.5,79.3,7
"U",77.8,"Cultura",14370,"MEX","F",171.4,67.1,6
"U",72.7,"Ninguna",14371,"MEX","M",170,82.9,7
"U",80.4,"Ninguna",14372,"MEX","F",175.4,71.3,6
"P",82.8,"Deportiva",14373,"EXT","F",164,72.8,6
"U",87.1,"Cultura",14374,"EXT","F",169,76.5,6
"U",77.4,"Ninguna",14375,"MEX","F",159.8,69.8,6
"P",83.1,"Ninguna",14376,"EXT","F",172.7,61.4,7
"U",84.3,"Deportiva",14377,"MEX","F",175.9,70.5,6
"U",72,"Ninguna",14378,"MEX","F",170.3,71.9,6
"P",81.4,"Cultura",14379,"MEX","M",180.1,69.9,6
"U",80.2,"Deportiva",14380,"MEX","M",175.1,83.1,5
"U",79.1,"Ninguna",14381,"MEX","F",166.9,64.2,5
"P",78.8,"Ninguna",14382,"MEX","M",178.9,80.8,6
"U",92.7,"Ninguna",14383,"MEX","F",159.7,69.8,6
"U",84.3,"Deportiva",14384,"MEX","F",166.5,69.9,5
"P",82.7,"Cultura",14385,"MEX","F",168.3,65.9,7
"U",76.6,"Ninguna",14386,"EXT","O",176.6,79.4,7
"U",85.1,"Cultura",14387,"MEX","M",169.5,63.9,6
"P",82.4,"Ninguna",14388,"EXT","F",172,68.5,7
"U",79.8,"Cultura",14389,"MEX","F",175.4,74.7,7
"U",75.5,"Ninguna",14390,"MEX","F",171.9,58.9,7
"P",79.1,"Cultura",14391,"MEX","F",170.7,74.6,6
"P",86.1,"Deportiva",14392,"MEX","O",168.8,76.1,5
"P",81.3,"Ninguna",14393,"MEX","O",173,59.2,5
"U",76.4,"Ninguna",14394,"MEX","M",169.7,58.6,6
"P",82.5,"Cultura",14395,"MEX","F",162.4,78.6,7
"P",82.6,"Cultura",14396,"EXT","F",170.3,66.9,5
"U",84.5,"Deportiva",14397,"MEX","M",176,76.6,6
"U",89.8,"Ninguna",14398,"MEX","M",173.6,79.4,5
"U",82.1,"Deportiva",14399,"EXT","F",166.1,78.1,6
"U",87.2,"Ninguna",14400,"EXT","F",174.8,57.5,6
"U",80.5,"Cultura",14401,"MEX","M",177,70.3,6
"U",75.1,"Ninguna",14402,"MEX","O",172.7,67.8,6
"P",82.6,"Deportiva",14403,"MEX","M",168,73.6,6
"U",84.8,"Cultura",14404,"MEX","O",173,59.2,5
"U",80.8,"Cultura",14405,"EXT","O",160.7,77,5
"U",70.9,"Cultura",14406,"MEX","F",166.8,80.1,6
"U",84.8,"Cultura",14407,"MEX","F",168.2,83.1,6
"P",69.7,"Ninguna",14408,"MEX","O",170.1,56.2,6
"U",78.4,"Ninguna",14409,"MEX","O",170.7,78.9,6
"U",77.9,"Ninguna",14410,"MEX","M",169.6,67.2,7
"U",78.8,"Ninguna",14411,"EXT","F",176.8,67.4,6
"P",82.4,"Deportiva",14412,"MEX","O",164,79.6,6
"U",80.1,"Deportiva",14413,"MEX","M",174.7,74.9,6
"U",80.5,"Ninguna",14414,"MEX","O",173.7,63.9,6
"P",84.9,"Ninguna",14415,"MEX","F",172.5,66.7,7
"U",92.9,"Cultura",14416,"MEX","M",167.8,72.2,6
"U",74.1,"Deportiva",14417,"EXT","M",168.6,62.8,7
"P",84.2,"Ninguna",14418,"EXT","F",159.9,70.1,6
"U",78.8,"Cultura",14419,"MEX","M",171.5,69.7,6
"U",83.5,"Ninguna",14420,"MEX","O",169,77.4,7
"U",77,"Ninguna",14421,"MEX","F",175.1,69.3,5
"U",79.8,"Ninguna",14422,"MEX","F",183.6,79.2,6
"P",86.4,"Ninguna",14423,"EXT","O",163.9,64.3,6
"U",78.8,"Cultura",14424,"MEX","O",167.3,68.6,5
"P",82.5,"Cultura",14425,"MEX","M",169.8,73,6
"U",80.5,"Cultura",14426,"MEX","F",172,74.9,6
"P",80.2,"Ninguna",14427,"MEX","F",168,83.9,6
"U",77.5,"Ninguna",14428,"MEX","M",176.7,68.3,5
"P",82,"Ninguna",14429,"MEX","O",168.3,70.7,5
"P",73.3,"Deportiva",14430,"MEX","O",166.6,59.3,6
"U",75.6,"Ninguna",14431,"MEX","F",180.7,71.9,5
"U",90.1,"Ninguna",14432,"MEX","F",170,71.6,6
"U",69.1,"Ninguna",14433,"MEX","M",173.5,81,5
"U",79.2,"Deportiva",14434,"EXT","O",169.6,68.3,6
"U",84.2,"Cultura",14435,"MEX","M",175.1,62.4,5
"P",79.2,"Ninguna",14436,"MEX","F",177.3,58.7,6
"P",79.1,"Cultura",14437,"MEX","F",175.1,61.3,6
"U",79.8,"Cultura",14438,"EXT","M",165,67.4,6
"P",73.1,"Cultura",14439,"EXT","F",167.7,65.6,6
"U",81.1,"Ninguna",14440,"MEX","F",165.6,70.2,5
"P",87.7,"Cultura",14441,"MEX","M",172.4,80,6
"U",86.7,"Deportiva",14442,"MEX","F",168.6,61.3,6
"U",82.3,"Cultura",14443,"EXT","O",160.4,60.9,6
"U",83.2,"Ninguna",14444,"MEX","O",162.8,75.2,6
"P",79,"Ninguna",14445,"MEX","M",169.3,69.9,6
"P",81.2,"Deportiva",14446,"MEX","M",170.1,68.4,5
"P",79.9,"Deportiva",14447,"MEX","F",168.1,65.3,6
"P",87.9,"Cultura",14448,"MEX","F",160,74.8,6
"P",77.4,"Cultura",14449,"MEX","M",165.7,71.4,5
"P",72.3,"Ninguna",14450,"EXT","M",171.2,73.3,6
"U",81.8,"Cultura",14451,"MEX","F",164,63,6
"P",91.2,"Ninguna",14452,"EXT","F",166.7,72.6,5
"U",82,"Ninguna",14453,"EXT","M",172,67,7
"U",85.3,"Ninguna",14454,"EXT","F",171.4,65.1,6
"P",82.9,"Cultura",14455,"MEX","F",169.3,64.8,6
"U",84.9,"Deportiva",14456,"MEX","M",162.1,70.3,6
"U",80.5,"Cultura",14457,"MEX","F",170,69.5,7
"P",80.5,"Cultura",14458,"MEX","F",164.3,60.3,6
"P",98.4,"Cultura",14459,"MEX","F",168,69.1,7
"U",80.9,"Cultura",14460,"MEX","M",160,69.5,5
"U",72.4,"Cultura",14461,"MEX","F",171.7,73.9,6
"U",77.2,"Deportiva",14462,"EXT","M",179.8,69.6,6
"U",83.6,"Deportiva",14463,"MEX","F",167,69.5,6
"P",72.8,"Cultura",14464,"MEX","M",178.8,80.7,7
"U",78.9,"Ninguna",14465,"MEX","O",182.9,76.7,6
"P",78.7,"Deportiva",14466,"MEX","M",170.2,63.5,6
"U",81.8,"Deportiva",14467,"MEX","F",173,62,6
"P",77.1,"Ninguna",14468,"MEX","O",171.2,76,6
"U",83.8,"Cultura",14469,"EXT","F",176.5,52,6
"P",91.4,"Ninguna",14470,"MEX","O",180.8,60.6,6
"U",76.5,"Cultura",14471,"EXT","M",169.2,70,6
"P",79.8,"Ninguna",14472,"MEX","F",172.1,68.6,6
"U",71.5,"Ninguna",14473,"MEX","O",168.2,69,6
"U",89.9,"Ninguna",14474,"MEX","M",162.6,67.6,6
"U",73.7,"Ninguna",14475,"MEX","F",167,63.1,6
"U",84.2,"Cultura",14476,"MEX","F",174.5,55.9,6
"U",94,"Ninguna",14477,"MEX","F",174.4,76.2,7
"U",79.9,"Deportiva",14478,"MEX","F",169.1,69.3,6
"P",79.1,"Ninguna",14479,"MEX","M",169.5,63.8,6
"U",79.4,"Cultura",14480,"MEX","M",169.5,78.6,6
"U",83.3,"Ninguna",14481,"MEX","F",167.4,62.4,6
"U",73.6,"Ninguna",14482,"MEX","M",168.1,74.5,6
"U",71.5,"Cultura",14483,"MEX","M",162.8,65.3,6
"U",88.6,"Deportiva",14484,"EXT","M",171.4,64,7
"U",82,"Deportiva",14485,"MEX","F",173.1,66.7,7
"U",86.3,"Cultura",14486,"MEX","M",174.2,71.1,6
"P",87.2,"Cultura",14487,"EXT","F",171.1,76.3,7
"U",81.3,"Ninguna",14488,"EXT","M",166.4,66.1,6
"U",80,"Deportiva",14489,"EXT","F",171.8,66,6
"U",76.4,"Cultura",14490,"MEX","F",174.8,76,6
"U",84.3,"Deportiva",14491,"MEX","M",172.7,69.9,6
"P",78.6,"Deportiva",14492,"MEX","F",169.9,63.8,6
"U",86.8,"Cultura",14493,"EXT","M",172.1,77.9,6
"P",79,"Deportiva",14494,"MEX","M",168,70.5,6
"U",89.4,"Ninguna",14495,"MEX","O",164.8,65.9,5
"U",73.3,"Cultura",14496,"MEX","M",172.7,73.5,6
"U",87.3,"Ninguna",14497,"EXT","M",176.1,61.6,7
"U",91.4,"Cultura",14498,"MEX","F",172.6,67.2,6
"U",70.1,"Ninguna",14499,"MEX","M",170.5,67.5,6
"U",87.3,"Ninguna",14500,"MEX","O",156.9,67.4,7
"P",83.3,"Ninguna",14501,"MEX","O",162.2,77,5
"P",78.1,"Ninguna",14502,"EXT","M",171.5,68.8,6
"U",79.7,"Cultura",14503,"MEX","M",175.7,74,6
"U",86,"Ninguna",14504,"MEX","F",165.7,64,6
"P",82.1,"Ninguna",14505,"MEX","F",177.1,71.2,6
"U",78.5,"Cultura",14506,"EXT","O",165.5,54.4,6
"U",87.1,"Ninguna",14507,"EXT","F",168.6,71.2,6
"P",74.8,"Deportiva",14508,"EXT","O",156.5,66,6
"U",78.1,"Deportiva",14509,"MEX","O",165.7,62.3,6
"U",77.8,"Ninguna",14510,"MEX","O",175,68.3,6
"P",74.9,"Ninguna",14511,"MEX","M",180.5,72,6
"U",81.7,"Ninguna",14512,"MEX","F",173.4,70.1,6
"U",72.4,"Ninguna",14513,"MEX","O",179.5,72.1,7
"U",77.2,"Cultura",14514,"EXT","F",166.8,70.9,6
"U",76.8,"Cultura",14515,"MEX","O",176.3,74,6
"U",83.1,"Deportiva",14516,"MEX","M",168.2,63.2,6
"U",90.2,"Cultura",14517,"MEX","O",173.7,73.8,6
"U",73.6,"Cultura",14518,"MEX","F",164.5,70.8,6
"U",81.8,"Ninguna",14519,"MEX","M",157,73.3,6
"U",73.9,"Cultura",14520,"EXT","O",176.7,55.2,5
"U",78.4,"Ninguna",14521,"MEX","M",160.2,70.9,6
"U",80.1,"Deportiva",14522,"MEX","M",162.4,68.5,5
"P",79.6,"Cultura",14523,"MEX","O",163.4,70,6
"U",71.2,"Cultura",14524,"MEX","O",166,79.1,5
"U",82.2,"Cultura",14525,"EXT","O",174.6,68.3,6
"P",84.7,"Ninguna",14526,"MEX","M",177.3,65.8,6
"U",84.3,"Ninguna",14527,"MEX","F",170.2,62.5,6
"U",83.1,"Ninguna",14528,"MEX","F",171.1,79,6
"U",77.4,"Ninguna",14529,"EXT","F",164.5,72.9,6
"U",82.4,"Ninguna",14530,"MEX","M",176.1,64.8,6
"U",64.3,"Ninguna",14531,"EXT","M",178.9,75.7,7
"U",88.9,"Ninguna",14532,"MEX","M",165.5,75,5
"P",84,"Cultura",14533,"MEX","F",167.1,63,5
"U",80.9,"Cultura",14534,"MEX","M",171,64.4,6
"U",73.9,"Ninguna",14535,"MEX","F",172,75.9,6
"U",83.9,"Deportiva",14536,"MEX","F",162.1,66.6,6
"U",87.6,"Ninguna",14537,"EXT","M",167.3,67.2,6
"U",78.9,"Cultura",14538,"EXT","M",182.1,69.9,6
"P",72.5,"Ninguna",14539,"MEX","O",175.3,64.6,5
"U",77,"Ninguna",14540,"MEX","O",160.1,72.2,6
"U",81.4,"Ninguna",14541,"MEX","O",175,84.3,6
"U",77.8,"Ninguna",14542,"MEX","M",160.7,65.4,6
"U",79.6,"Ninguna",14543,"MEX","M",176.6,78.1,6
"U",72.1,"Ninguna",14544,"MEX","O",175.6,63.9,6
"U",78.8,"Cultura",14545,"MEX","O",176.4,70,6
"U",91.1,"Cultura",14546,"EXT","F",170.3,59.2,6
"U",70.8,"Cultura",14547,"EXT","F",172.3,74.9,7
"U",73.8,"Cultura",14548,"MEX","M",178,75.5,7
"U",80.9,"Ninguna",14549,"MEX","M",161.8,68,6
"U",79.8,"Cultura",14550,"MEX","F",173,59.6,6
"U",78.4,"Cultura",14551,"MEX","F",169.2,64.6,6
"U",80.6,"Ninguna",14552,"MEX","F",166.2,71.8,5
"U",79.1,"Deportiva",14553,"EXT","M",176.8,69.3,6
"P",74.9,"Ninguna",14554,"MEX","O",165.9,75.6,6
"U",73.1,"Ninguna",14555,"EXT","F",167.4,64.1,6
"U",84.9,"Ninguna",14556,"MEX","M",164.5,81.7,6
"U",72.5,"Cultura",14557,"MEX","M",168.8,73.3,7
"U",74.2,"Deportiva",14558,"MEX","F",167.3,86,7
"U",79.6,"Ninguna",14559,"MEX","F",175.6,73.9,5
"U",78.1,"Deportiva",14560,"EXT","F",171.2,73.4,6
"U",75.3,"Cultura",14561,"MEX","F",170.7,79,7
"U",78,"Cultura",14562,"MEX","F",177.8,70.6,6
"U",80.9,"Ninguna",14563,"EXT","M",164.5,68.4,5
"U",86.6,"Cultura",14564,"MEX","F",166,74.4,7
"P",84,"Ninguna",14565,"EXT","M",171.8,77.4,6
"P",80.4,"Ninguna",14566,"MEX","F",171.7,75.8,6
"P",73.7,"Ninguna",14567,"MEX","F",169.8,63.2,7
"P",79.6,"Ninguna",14568,"EXT","O",161.5,68.5,5
"P",72.7,"Ninguna",14569,"MEX","O",162.7,65.7,5
"U",81.9,"Ninguna",14570,"EXT","M",160.7,68.6,6
"P",94.3,"Deportiva",14571,"MEX","F",169.3,77.9,6
"U",65.6,"Cultura",14572,"MEX","M",168.2,74.5,6
"U",83.6,"Cultura",14573,"MEX","F",173.6,70.6,5
"P",85.7,"Ninguna",14574,"MEX","M",174.1,61.8,6
"U",86,"Cultura",14575,"MEX","F",174.2,80.3,7
"U",78.1,"Ninguna",14576,"MEX","F",165.4,76.8,6
"P",75.1,"Ninguna",14577,"MEX","O",166.9,69.3,7
"U",79.9,"Cultura",14578,"MEX","F",173,57.9,6
"P",88.8,"Deportiva",14579,"MEX","O",178.2,74.1,6
"U",75.7,"Ninguna",14580,"MEX","O",164.7,72.6,6
"U",88,"Ninguna",14581,"MEX","O",174.8,72.3,5
"U",81.3,"Ninguna",14582,"MEX","F",182.7,75.7,5
"U",85.7,"Deportiva",14583,"MEX","M",170,74.1,6
"U",79.3,"Cultura",14584,"MEX","O",171.6,71.5,6
"U",82,"Cultura",14585,"MEX","O",174.6,69.1,6
"U",86.7,"Ninguna",14586,"EXT","M",167.2,61.6,6
"U",78,"Ninguna",14587,"EXT","M",176.3,65.5,7
"U",75.8,"Cultura",14588,"MEX","M",164.2,61.1,6
"P",78.7,"Ninguna",14589,"MEX","M",178.3,70.8,7
"U",81.3,"Deportiva",14590,"EXT","F",168.2,69.1,6
"U",84.4,"Ninguna",14591,"EXT","F",165.4,69.5,6
"U",82.3,"Deportiva",14592,"MEX","F",174.2,79,6
"U",81,"Cultura",14593,"MEX","M",172.3,65,6
"U",80.7,"Ninguna",14594,"MEX","F",166.4,76.7,5
"U",84.6,"Deportiva",14595,"MEX","M",176.7,70.9,6
"P",79.8,"Deportiva",14596,"MEX","F",159.6,61.8,5
"U",85.7,"Cultura",14597,"MEX","M",184.6,73.8,6
"U",90.6,"Ninguna",14598,"EXT","M",178.8,70.7,5
"U",84.1,"Ninguna",14599,"MEX","M",166.4,73.3,6
"U",87.1,"Ninguna",14600,"EXT","O",168.7,64.9,5
"U",86.1,"Deportiva",14601,"EXT","F",168.4,69.7,7
"P",85.2,"Deportiva",14602,"MEX","M",157.3,81.4,6
"U",84.8,"Ninguna",14603,"MEX","M",168.5,60.3,6
"P",83.5,"Ninguna",14604,"MEX","M",169.7,65.9,6
"U",82.6,"Ninguna",14605,"EXT","O",166.8,76.1,6
"P",78.3,"Cultura",14606,"MEX","O",167.1,76.2,5
"P",79.3,"Ninguna",14607,"MEX","O",157.3,73.9,7
"U",88.1,"Ninguna",14608,"MEX","F",178.4,75.9,6
"U",80.7,"Ninguna",14609,"MEX","M",172.9,64.9,6
"U",82.1,"Ninguna",14610,"MEX","O",176.1,72.1,7
"U",79.8,"Ninguna",14611,"MEX","F",166.1,69.3,6
"U",77.6,"Deportiva",14612,"MEX","M",168.2,76.2,6
"U",85.2,"Cultura",14613,"EXT","M",165.6,80.6,6
"P",91.2,"Ninguna",14614,"EXT","F",171,71.9,6
"U",84.7,"Cultura",14615,"MEX","O",172,77.4,7
"P",85,"Ninguna",14616,"MEX","M",168.6,67.4,6
"P",72.3,"Ninguna",14617,"MEX","F",171.5,66.1,6
"U",84.9,"Cultura",14618,"MEX","F",173.9,66,7
"P",76.5,"Cultura",14619,"MEX","F",168.6,67.6,7
"U",76.6,"Deportiva",14620,"EXT","F",178.2,75.5,5
"U",77.7,"Ninguna",14621,"EXT","F",170.9,67.5,6
"U",75.9,"Cultura",14622,"MEX","O",178.6,71.6,6
"P",84.2,"Deportiva",14623,"MEX","F",162.3,66,6
"U",81.7,"Cultura",14624,"MEX","F",170.9,67.3,6
"P",80.6,"Ninguna",14625,"MEX","M",167.6,74.3,6
"U",74.8,"Cultura",14626,"EXT","F",167,72.5,6
"U",80.3,"Cultura",14627,"MEX","M",167.1,59.6,6
"U",80.4,"Deportiva",14628,"MEX","O",176,62.7,6
"P",82.9,"Ninguna",14629,"MEX","M",165.7,83.2,7
"U",84,"Ninguna",14630,"MEX","M",169.5,64.7,5
"U",74.2,"Ninguna",14631,"MEX","F",173.2,73,6
"U",73.3,"Cultura",14632,"EXT","M",168.8,70.6,5
"U",76.1,"Ninguna",14633,"EXT","O",167.1,69.7,5
"U",74.2,"Ninguna",14634,"MEX","F",172,82.5,5
"U",74.6,"Ninguna",14635,"MEX","O",168.1,81.5,6
"U",74.9,"Ninguna",14636,"MEX","M",161.3,68.2,6
"U",76.7,"Deportiva",14637,"MEX","F",165.1,78.1,6
"U",90.9,"Deportiva",14638,"MEX","O",167,71.9,6
"U",77.7,"Ninguna",14639,"MEX","F",168.9,70.8,6
"U",80.5,"Deportiva",14640,"EXT","O",179.7,76.2,5
"U",73.1,"Ninguna",14641,"MEX","F",170.3,71.3,7
"P",82.6,"Cultura",14642,"MEX","F",167.4,71.4,6
"U",71.3,"Ninguna",14643,"MEX","O",168.1,73.7,6
"P",79.3,"Deportiva",14644,"EXT","O",170.8,76.6,6
"P",81.3,"Cultura",14645,"MEX","F",173.5,84.5,6
"U",78.7,"Ninguna",14646,"EXT","F",185.6,63.8,5
"U",80.8,"Deportiva",14647,"MEX","F",162.7,70.4,6
"U",74.6,"Deportiva",14648,"MEX","F",162.1,74.5,6
"U",88.8,"Deportiva",14649,"MEX","O",168.6,68,6
"U",84.2,"Ninguna",14650,"MEX","F",174.7,72.6,6
"U",76.2,"Cultura",14651,"MEX","F",167.9,58.3,7
"U",80.3,"Ninguna",14652,"MEX","M",169.3,70.3,6
"P",75.6,"Ninguna",14653,"MEX","O",169.8,79.5,7
"U",75.1,"Deportiva",14654,"EXT","F",177.7,66.4,6
"U",85.2,"Ninguna",14655,"MEX","M",167.6,64.8,7
"U",83.1,"Cultura",14656,"MEX","O",172,78.3,5
"U",83,"Cultura",14657,"MEX","F",174.9,61.1,6
"U",84.2,"Cultura",14658,"EXT","F",172.1,79.8,6
"P",79.3,"Ninguna",14659,"MEX","O",168.7,61.8,6
"U",80,"Deportiva",14660,"MEX","O",167.4,62.4,7
"U",84.9,"Deportiva",14661,"EXT","F",163.9,81.6,6
"U",79.4,"Ninguna",14662,"MEX","M",178.8,73.9,6
"U",84.7,"Deportiva",14663,"MEX","M",164.1,66.1,6
"U",86.8,"Deportiva",14664,"MEX","O",168.9,76.2,6
"P",81.2,"Cultura",14665,"MEX","M",177.7,56.5,5
"U",83.8,"Cultura",14666,"MEX","M",163.7,67.8,6
"P",75.1,"Cultura",14667,"MEX","F",171.4,66.6,6
"U",66.1,"Ninguna",14668,"MEX","F",163.3,68.3,6
"U",76.3,"Ninguna",14669,"MEX","O",176.6,59.1,7
"U",82.4,"Cultura",14670,"MEX","F",176.2,57.2,6
"U",74.3,"Deportiva",14671,"MEX","O",175.1,72.1,6
"U",73.4,"Ninguna",14672,"MEX","F",168.2,57.8,6
"P",82.3,"Ninguna",14673,"MEX","M",159.3,74.2,6
"U",73.1,"Ninguna",14674,"EXT","M",176.6,60.9,6
"P",72.4,"Ninguna",14675,"MEX","O",172.9,63.8,6
"P",92.6,"Cultura",14676,"MEX","F",170.4,66.9,7
"P",73.5,"Ninguna",14677,"MEX","M",164.8,73.6,6
"P",71.9,"Cultura",14678,"MEX","M",163.1,54,6
"U",74.2,"Deportiva",14679,"EXT","F",168.3,77.5,5
"P",80.4,"Deportiva",14680,"EXT","M",160.7,69.7,5
"P",86.2,"Ninguna",14681,"EXT","F",167.7,75.8,6
"P",71,"Ninguna",14682,"EXT","F",166.9,72.6,6
"U",80.3,"Ninguna",14683,"MEX","F",179.4,60.1,6
"U",88,"Ninguna",14684,"EXT","F",177.1,64.8,5
"U",70.6,"Deportiva",14685,"EXT","F",167.8,73.9,6
"P",80.2,"Deportiva",14686,"MEX","O",172,75.9,6
"U",83.7,"Ninguna",14687,"MEX","M",165.3,86.1,5
"U",85,"Ninguna",14688,"MEX","F",163.7,75.1,6
"P",71.6,"Deportiva",14689,"MEX","O",175,54.1,6
"U",76.1,"Deportiva",14690,"EXT","F",178.3,71.1,6
"P",78.9,"Ninguna",14691,"MEX","M",167.3,57.5,5
"U",79.5,"Ninguna",14692,"MEX","O",163.9,67.7,6
"U",82.3,"Cultura",14693,"MEX","M",170,62.5,6
"P",81.4,"Cultura",14694,"EXT","M",183.4,65,5
"P",82.7,"Cultura",14695,"MEX","O",175.8,76.7,6
"U",80.8,"Cultura",14696,"MEX","F",182.4,67.5,7
"U",86.5,"Cultura",14697,"MEX","O",166.8,73.7,6
"U",77,"Ninguna",14698,"MEX","M",170.5,76.9,6
"P",82.2,"Cultura",14699,"MEX","F",162.2,70.9,6
"U",75.1,"Ninguna",14700,"MEX","M",164.4,69.6,6
"P",75.9,"Ninguna",14701,"MEX","M",170,76.8,7
"U",77.6,"Deportiva",14702,"MEX","M",172.9,67.3,6
"P",85.1,"Ninguna",14703,"MEX","M",161.1,62.3,7
"U",86.9,"Ninguna",14704,"MEX","O",166.9,67,6
"U",70.3,"Ninguna",14705,"MEX","F",166.1,74.1,5
"U",85.5,"Ninguna",14706,"MEX","M",161.5,57.6,7
"P",75,"Ninguna",14707,"MEX","F",169.4,58.1,6
"P",88.9,"Ninguna",14708,"MEX","O",180.4,77.7,5
"U",61.2,"Ninguna",14709,"MEX","M",164,70.4,6
"U",83.4,"Ninguna",14710,"MEX","F",158.6,84.5,6
"U",76.8,"Deportiva",14711,"MEX","F",171.8,77.7,6
"U",80.2,"Deportiva",14712,"MEX","F",169.5,72.9,6
"P",88.7,"Deportiva",14713,"MEX","F",172.5,53.1,7
"U",85.6,"Ninguna",14714,"MEX","M",165.6,74.1,7
"U",72.6,"Ninguna",14715,"MEX","M",167.5,87.5,5
"U",74.5,"Ninguna",14716,"MEX","M",163.1,71.3,6
"U",71.4,"Cultura",14717,"MEX","M",158,69.1,6
"U",76.8,"Deportiva",14718,"EXT","M",171.8,59,6
"U",75,"Ninguna",14719,"MEX","F",171.2,72.4,6
"P",77.3,"Ninguna",14720,"EXT","M",173.7,73.7,6
"U",82.3,"Cultura",14721,"MEX","F",171,69.2,5
"U",71.4,"Ninguna",14722,"MEX","O",172.5,71.4,6
"U",75.7,"Ninguna",14723,"EXT","M",175.3,65.2,6
"U",64.7,"Ninguna",14724,"EXT","F",167,67.9,6
"U",85.2,"Cultura",14725,"MEX","M",167.8,71.9,7
"P",77.2,"Ninguna",14726,"EXT","O",161.9,65,6
"P",75.5,"Deportiva",14727,"MEX","F",177,65.7,6
"U",73.7,"Cultura",14728,"MEX","M",170.3,64.9,6
"P",75.4,"Ninguna",14729,"MEX","O",164.4,75.3,6
"U",79.9,"Ninguna",14730,"EXT","F",165.1,67.3,6
"P",77.8,"Cultura",14731,"EXT","O",168.3,65.6,6
"U",75.6,"Ninguna",14732,"MEX","F",171.2,63.7,6
"U",75.8,"Ninguna",14733,"MEX","M",165.5,65.9,6
"U",73.6,"Deportiva",14734,"MEX","M",170.2,66.2,6
"P",81.5,"Ninguna",14735,"MEX","F",163.5,76.5,5
"U",81.6,"Ninguna",14736,"EXT","O",171.7,72.7,6
"U",81.7,"Ninguna",14737,"MEX","M",162.7,61.3,6
"P",80.1,"Ninguna",14738,"MEX","O",170.8,58,6
"U",85.1,"Cultura",14739,"MEX","F",162.7,72.2,6
"U",75.5,"Cultura",14740,"MEX","M",167.7,77.6,5
"P",71.7,"Ninguna",14741,"MEX","O",180.9,83.6,6
"U",86.3,"Deportiva",14742,"MEX","F",163,65.6,6
"U",72.6,"Ninguna",14743,"MEX","F",171.6,72.6,7
"U",81.6,"Ninguna",14744,"EXT","F",173.7,68.3,5
"U",82.5,"Ninguna",14745,"EXT","O",164.7,73.9,7
"P",79.4,"Deportiva",14746,"MEX","O",172.7,72.4,5
"U",84.7,"Cultura",14747,"MEX","M",165.3,62.2,7
"U",81.1,"Cultura",14748,"MEX","F",172.1,78.6,6
"U",86,"Deportiva",14749,"MEX","F",160.4,71.7,6
"P",83.2,"Cultura",14750,"MEX","F",171.1,73.8,6
"P",75.2,"Cultura",14751,"MEX","M",165.1,73.4,6
"U",83.5,"Ninguna",14752,"MEX","F",165.8,76.1,6
"P",75.9,"Cultura",14753,"MEX","O",182,52.4,6
"U",76.5,"Ninguna",14754,"MEX","O",173.7,70,7
"P",73.8,"Ninguna",14755,"MEX","O",171.4,58.8,6
"P",85.9,"Cultura",14756,"MEX","F",173,71.7,6
"U",66.9,"Ninguna",14757,"MEX","F",183.8,64.9,6
"U",80.7,"Ninguna",14758,"EXT","M",178.7,72.3,6
"U",77.6,"Cultura",14759,"MEX","M",171.2,65.3,7
"U",76.3,"Ninguna",14760,"MEX","O",172.8,69.5,7
"P",74.5,"Ninguna",14761,"MEX","M",172.7,66.4,6
"P",73.6,"Ninguna",14762,"MEX","F",169.6,74.4,6
"P",84.9,"Ninguna",14763,"MEX","F",175.1,64.1,6
"U",87,"Ninguna",14764,"EXT","M",170.7,72,6
"U",80.2,"Ninguna",14765,"MEX","M",162.4,80,6
"U",94.4,"Cultura",14766,"MEX","M",171.6,60.2,6
"U",77.2,"Ninguna",14767,"EXT","F",175.2,79.2,6
"P",90.8,"Ninguna",14768,"EXT","M",167.5,59.3,6
"U",77.8,"Cultura",14769,"EXT","F",167.6,62,6
"P",74.2,"Ninguna",14770,"EXT","F",166.2,75.4,6
"U",77.1,"Cultura",14771,"MEX","F",179.9,66.1,7
"U",80.8,"Deportiva",14772,"EXT","F",171.9,72.7,6
"U",87.9,"Ninguna",14773,"MEX","M",166.3,65.6,6
"U",78.1,"Deportiva",14774,"EXT","F",170.2,76.4,6
"P",88.7,"Ninguna",14775,"EXT","M",170.8,63.6,6
"P",76.5,"Deportiva",14776,"MEX","F",169.4,80.2,6
"U",75.6,"Cultura",14777,"MEX","F",168.6,63.1,6
"U",79.3,"Cultura",14778,"EXT","F",168.6,74.3,7
"U",76.4,"Cultura",14779,"MEX","M",170.4,79.9,5
"U",82.2,"Cultura",14780,"EXT","F",173.3,62.4,7
"U",79.1,"Ninguna",14781,"MEX","F",169.3,69,6
"U",78.6,"Cultura",14782,"MEX","M",162.6,69,5
"U",79.8,"Ninguna",14783,"MEX","F",173.5,81.8,6
"U",81.3,"Ninguna",14784,"MEX","F",163.3,67.9,5
"U",84.6,"Cultura",14785,"MEX","F",169.2,54.2,6
"U",66.6,"Ninguna",14786,"MEX","F",173.7,73.1,5
"U",87.5,"Ninguna",14787,"MEX","O",159.2,88.9,6
"U",82.8,"Ninguna",14788,"MEX","O",173.3,78.4,7
"U",74.2,"Cultura",14789,"EXT","F",167.6,68.1,7
"U",81.7,"Ninguna",14790,"MEX","M",168.5,70.9,6
"P",80,"Cultura",14791,"MEX","M",168.3,81.8,5
"U",74.2,"Ninguna",14792,"MEX","F",169.4,70.1,6
"U",84.3,"Ninguna",14793,"EXT","F",167.2,71.6,6
"U",75.8,"Deportiva",14794,"MEX","M",163,67.5,7
"P",82.9,"Deportiva",14795,"MEX","O",174.2,76.2,6
"U",79.5,"Deportiva",14796,"MEX","F",160.5,72.4,6
"P",82.2,"Ninguna",14797,"MEX","O",170.5,76.7,6
"U",75.8,"Ninguna",14798,"MEX","F",164.6,71.2,6
"U",83.6,"Cultura",14799,"EXT","M",178.4,62.9,6
"U",83.9,"Deportiva",14800,"MEX","M",171.2,58.8,6
"U",78.1,"Ninguna",14801,"MEX","M",157.3,63.7,6
"U",77.5,"Cultura",14802,"MEX","M",169.5,71.8,6
"U",72.6,"Cultura",14803,"EXT","F",167.9,70.8,6
"P",87.2,"Deportiva",14804,"MEX","M",169.3,73.1,7
"U",72.8,"Deportiva",14805,"EXT","M",177.2,72.1,7
"U",81,"Ninguna",14806,"EXT","M",170.8,71.8,6
"U",73.3,"Ninguna",14807,"MEX","M",168.3,77.3,6
"U",80.1,"Cultura",14808,"MEX","M",173.2,65.7,5
"U",86.8,"Cultura",14809,"EXT","M",174.9,64.3,6
"P",81.2,"Ninguna",14810,"EXT","M",165.2,62,6
"U",72.5,"Cultura",14811,"MEX","O",179.8,72.1,6
"P",69.5,"Deportiva",14812,"EXT","O",160.9,61.8,6
"P",85.3,"Deportiva",14813,"EXT","O",174.4,77.8,6
"P",78.4,"Cultura",14814,"MEX","M",169.1,71.5,7
"U",70.6,"Cultura",14815,"MEX","M",170.7,61.2,6
"U",82.2,"Ninguna",14816,"MEX","O",177.1,64.7,6
"P",77,"Deportiva",14817,"MEX","O",165,72.5,6
"U",81.2,"Ninguna",14818,"EXT","O",162.8,77.9,6
"P",74.4,"Ninguna",14819,"EXT","O",164.7,70.8,6
"U",76.7,"Ninguna",14820,"EXT","O",166.3,67.2,5
"P",80.1,"Cultura",14821,"MEX","F",170.7,61.2,5
"U",85.2,"Ninguna",14822,"MEX","F",173.1,77.2,6
"P",81.3,"Ninguna",14823,"MEX","M",168.1,86.5,6
"U",83.1,"Ninguna",14824,"MEX","O",167.4,65.5,6
"U",71.5,"Cultura",14825,"EXT","F",165.6,62.4,6
"U",69.5,"Deportiva",14826,"MEX","F",179.6,66.7,6
"P",78.7,"Cultura",14827,"MEX","M",170.7,71.1,5
"P",87.1,"Ninguna",14828,"MEX","M",170.9,67.2,7
"U",76.7,"Ninguna",14829,"MEX","F",162.1,69.4,7
"U",75.7,"Cultura",14830,"MEX","F",174,55.5,6
"U",93.5,"Ninguna",14831,"MEX","O",166,67.1,6
"U",80.8,"Ninguna",14832,"MEX","M",177.8,73.1,6
"U",75.3,"Ninguna",14833,"MEX","M",166.4,81,5
"P",78.3,"Cultura",14834,"MEX","M",163.5,72.3,7
"U",67.7,"Ninguna",14835,"MEX","F",176.1,61.4,6
"P",75.8,"Cultura",14836,"MEX","F",166.8,60.5,5
"U",79,"Ninguna",14837,"EXT","M",175.3,76.9,6
"P",81.5,"Ninguna",14838,"MEX","F",178.4,74.9,6
"U",75.8,"Cultura",14839,"MEX","M",175.4,57.2,6
"U",77.9,"Cultura",14840,"MEX","F",169.7,70.8,6
"U",81.8,"Ninguna",14841,"MEX","F",167.7,59.2,6
"U",73,"Ninguna",14842,"MEX","M",168.3,71.3,6
"P",90.1,"Cultura",14843,"EXT","F",171.8,69.4,6
"P",81.7,"Cultura",14844,"MEX","M",166.3,65.4,7
"U",77.8,"Deportiva",14845,"MEX","F",158.2,63.9,6
"U",81.8,"Ninguna",14846,"EXT","O",171.2,72.4,6
"U",80.4,"Ninguna",14847,"EXT","M",164.9,65.7,6
"U",72.2,"Cultura",14848,"EXT","F",173.9,86.7,6
"U",78.7,"Deportiva",14849,"MEX","M",169.5,64.3,6
"U",95.3,"Ninguna",14850,"EXT","F",162,64.9,5
"P",69.3,"Deportiva",14851,"MEX","F",174.6,56.7,6
"P",77.3,"Cultura",14852,"MEX","M",181.2,71.1,6
"P",87.8,"Ninguna",14853,"EXT","O",165.7,69.3,7
"U",75.3,"Ninguna",14854,"MEX","M",176.7,75.2,7
"U",78.9,"Deportiva",14855,"MEX","F",170.2,65.9,6
"P",84.4,"Deportiva",14856,"MEX","M",172.4,63.5,5
"P",83.5,"Cultura",14857,"MEX","M",173.8,59,5
"P",85.4,"Deportiva",14858,"MEX","M",178.1,72.4,5
"U",75.6,"Deportiva",14859,"MEX","M",173.5,74.4,6
"U",84.4,"Deportiva",14860,"MEX","O",177.6,73.6,6
"U",77.9,"Ninguna",14861,"MEX","O",163,72.3,7
"P",82.2,"Ninguna",14862,"EXT","F",180.1,68,6
"U",72.6,"Ninguna",14863,"EXT","M",165.6,75.7,6
"U",81.5,"Ninguna",14864,"EXT","O",166.6,78.9,6
"U",81.4,"Ninguna",14865,"MEX","O",164.2,73.4,6
"U",82.1,"Ninguna",14866,"MEX","O",166.7,74.9,6
"U",75.2,"Cultura",14867,"MEX","F",165.9,63.2,6
"U",74.7,"Ninguna",14868,"MEX","O",173.1,60.7,6
"U",80.6,"Cultura",14869,"EXT","F",167.7,69.1,5
"U",73,"Deportiva",14870,"MEX","F",165.5,73.1,6
"U",84.5,"Ninguna",14871,"MEX","F",165.6,76.9,6
"P",83.4,"Deportiva",14872,"EXT","M",165.9,79.1,6
"P",81.1,"Deportiva",14873,"MEX","F",166.6,71.3,7
"P",83.6,"Ninguna",14874,"MEX","M",182.9,60.3,6
"P",78.4,"Ninguna",14875,"MEX","F",171.4,64.4,6
"U",75.6,"Ninguna",14876,"EXT","O",165.2,79.6,6
"U",81.7,"Cultura",14877,"MEX","O",174.5,77,6
"U",83.9,"Cultura",14878,"MEX","F",174.8,70.6,7
"U",77.9,"Cultura",14879,"MEX","O",182.7,72.3,6
"U",76.8,"Ninguna",14880,"EXT","F",177,70.5,6
"P",70.3,"Ninguna",14881,"MEX","F",178.8,68.8,6
"P",84.9,"Cultura",14882,"MEX","M",167.2,66.7,7
"P",91.1,"Cultura",14883,"MEX","F",171.5,68.4,6
"P",84.5,"Ninguna",14884,"MEX","F",170.1,82.3,6
"U",80.6,"Cultura",14885,"MEX","F",177.4,66.3,6
"U",90.1,"Cultura",14886,"MEX","O",166,71.5,6
"U",79.2,"Ninguna",14887,"MEX","M",170,64.5,6
"U",85.1,"Cultura",14888,"EXT","M",174.6,61.3,6
"U",82.6,"Ninguna",14889,"EXT","M",176.3,69.4,5
"P",80.8,"Ninguna",14890,"MEX","O",172.7,61.2,7
"U",88.4,"Cultura",14891,"MEX","F",160.6,81,6
"U",71.1,"Ninguna",14892,"EXT","F",169.2,69.5,6
"P",85.7,"Cultura",14893,"EXT","F",175,64.7,6
"U",86.8,"Cultura",14894,"MEX","F",172,68,6
"P",81.9,"Cultura",14895,"MEX","M",169.2,64.7,7
"U",84.5,"Ninguna",14896,"EXT","M",160.3,66.5,6
"U",80.3,"Deportiva",14897,"MEX","F",183.1,74.8,6
"U",79.1,"Ninguna",14898,"MEX","F",164.9,69.5,7
"P",74.9,"Ninguna",14899,"MEX","F",176.7,63.8,6
"P",78.4,"Cultura",14900,"MEX","F",178.1,73.2,5
"U",74.3,"Ninguna",14901,"MEX","M",167.3,74.4,6
"U",83.6,"Cultura",14902,"MEX","M",173.9,80.1,6
"U",78,"Ninguna",14903,"MEX","O",173.8,61.8,6
"U",87.6,"Ninguna",14904,"MEX","M",177.6,67.3,6
"P",78.6,"Cultura",14905,"MEX","M",168.6,64.2,7
"U",85,"Cultura",14906,"MEX","F",176,77.8,6
"P",79,"Ninguna",14907,"MEX","F",170.5,75.8,6
"P",84.2,"Deportiva",14908,"MEX","F",164.7,67,7
"U",78,"Ninguna",14909,"EXT","O",175.9,66.9,7
"P",79.6,"Cultura",14910,"MEX","F",169,77.3,7
"U",80.1,"Ninguna",14911,"MEX","M",171.1,72.1,6
"U",74.2,"Ninguna",14912,"MEX","O",179,67.7,7
"U",81.8,"Ninguna",14913,"MEX","O",169.1,78.4,7
"P",75.9,"Ninguna",14914,"MEX","F",179.4,63.4,7
"U",69.1,"Deportiva",14915,"MEX","F",170.1,66.5,6
"P",73.1,"Ninguna",14916,"MEX","O",168.8,75.6,6
"U",78.5,"Ninguna",14917,"MEX","F",174.4,79.3,6
"P",85.2,"Ninguna",14918,"MEX","M",169.3,84.4,6
"U",70.4,"Deportiva",14919,"MEX","M",177.8,77.1,6
"U",67.4,"Ninguna",14920,"MEX","M",167,70.1,6
"U",70.9,"Ninguna",14921,"MEX","M",161.6,71.3,6
"U",73.9,"Ninguna",14922,"EXT","O",164.6,73.8,6
"P",81.8,"Cultura",14923,"MEX","O",160.1,68.4,5
"P",80.5,"Cultura",14924,"EXT","M",177.2,73,6
"U",82.6,"Cultura",14925,"MEX","F",159.5,80.7,5
"U",76,"Cultura",14926,"MEX","F",165.7,71.8,7
"U",82,"Ninguna",14927,"MEX","F",166.9,67.6,6
"U",84.4,"Ninguna",14928,"MEX","O",170.5,62.2,6
"P",80.2,"Deportiva",14929,"EXT","M",169.8,71.6,6
"P",89,"Cultura",14930,"MEX","F",169.3,71.1,7
"P",79.8,"Cultura",14931,"MEX","M",163.6,77.9,6
"U",79.5,"Ninguna",14932,"EXT","M",167,59.5,6
"P",78.2,"Ninguna",14933,"EXT","M",166.4,65.2,6
"U",72,"Cultura",14934,"MEX","F",175.2,77,5
"P",70.4,"Deportiva",14935,"MEX","M",170.3,73.9,6
"U",76.7,"Ninguna",14936,"MEX","F",176.2,86.8,7
"U",80.9,"Deportiva",14937,"MEX","M",168.6,67.6,6
"U",78.8,"Ninguna",14938,"MEX","F",163.1,73.5,6
"P",87.2,"Deportiva",14939,"EXT","M",172.5,62.3,7
"U",74.7,"Ninguna",14940,"MEX","F",164.1,64.8,6
"U",83.5,"Ninguna",14941,"EXT","M",163.1,66.8,6
"U",80.9,"Ninguna",14942,"MEX","F",176.1,73.6,6
"U",78.3,"Deportiva",14943,"EXT","F",173.8,81.3,6
"U",78.2,"Cultura",14944,"MEX","O",166.1,62.1,6
"U",79.2,"Ninguna",14945,"EXT","F",163.9,63.8,6
"P",84.6,"Deportiva",14946,"MEX","M",163.7,80,7
"U",72.2,"Ninguna",14947,"MEX","F",167.8,79.3,6
"U",78.8,"Cultura",14948,"MEX","F",161.4,70.2,7
"P",82,"Deportiva",14949,"MEX","F",172.7,65.9,6
"U",73.7,"Ninguna",14950,"EXT","F",178.9,71.8,7
"U",83.3,"Deportiva",14951,"MEX","F",177.8,62.1,6
"U",81.3,"Ninguna",14952,"EXT","M",169.3,79.3,6
"U",81.1,"Ninguna",14953,"EXT","O",176.1,55.4,6
"U",72.7,"Deportiva",14954,"MEX","M",170.7,76.1,6
"U",82.9,"Cultura",14955,"EXT","M",167.9,73.8,7
"P",75.5,"Deportiva",14956,"EXT","F",160.6,67.2,6
"P",67.6,"Deportiva",14957,"MEX","O",157.3,60.3,6
"P",81.5,"Ninguna",14958,"EXT","F",173.1,60,6
"U",74.7,"Cultura",14959,"EXT","M",175.1,69.2,6
"P",84.9,"Cultura",14960,"MEX","M",171.1,73.8,6
"U",81.5,"Cultura",14961,"MEX","M",174.8,67.2,6
"P",87.9,"Ninguna",14962,"MEX","M",173.2,80.6,6
"U",83.8,"Ninguna",14963,"EXT","M",168.9,71.5,5
"U",78.4,"Ninguna",14964,"MEX","O",168.6,71.3,5
"P",75.4,"Ninguna",14965,"EXT","F",167.6,69.5,6
"U",80.7,"Deportiva",14966,"MEX","F",170.2,71.9,6
"P",82.5,"Deportiva",14967,"MEX","O",174.6,72.6,6
"U",75.7,"Ninguna",14968,"MEX","M",166.4,82.5,6
"U",77.3,"Ninguna",14969,"MEX","O",176.5,78.7,7
"U",92.6,"Ninguna",14970,"MEX","F",176.3,76.5,7
"U",84.6,"Cultura",14971,"MEX","O",175.5,67.8,6
"U",84.2,"Ninguna",14972,"MEX","O",176.7,73.3,5
"P",78.7,"Ninguna",14973,"MEX","M",171.2,62.3,7
"U",81.8,"Ninguna",14974,"MEX","F",167.2,64.3,6
"U",86.8,"Cultura",14975,"MEX","M",166,80,6
"P",89.1,"Ninguna",14976,"MEX","F",176.8,63.9,6
"P",72.9,"Ninguna",14977,"MEX","M",166.4,77.2,7
"U",77.8,"Ninguna",14978,"EXT","O",181.1,76.7,6
"P",76.7,"Ninguna",14979,"MEX","F",162.2,70.4,6
"U",70,"Ninguna",14980,"MEX","F",162.2,73.4,6
"U",85.8,"Deportiva",14981,"MEX","M",172.3,68.2,6
"U",80,"Ninguna",14982,"EXT","F",167.4,76,5
"U",85.5,"Cultura",14983,"MEX","F",165,76.2,6
"U",74.7,"Deportiva",14984,"MEX","M",175.9,78.9,7
"P",79.9,"Ninguna",14985,"EXT","F",166.7,72.9,7
"P",77.5,"Deportiva",14986,"MEX","O",177.6,72.5,5
"P",73.7,"Cultura",14987,"EXT","M",167.3,68.5,5
"U",83.7,"Ninguna",14988,"EXT","O",170.7,69.6,5
"U",81,"Ninguna",14989,"EXT","M",162.7,65.4,7
"P",77.8,"Cultura",14990,"MEX","F",173.4,62.2,5
"U",89.8,"Deportiva",14991,"EXT","M",162.8,73.3,6
"P",70.1,"Cultura",14992,"EXT","F",168.9,62.4,6
"P",76.2,"Cultura",14993,"MEX","F",170.7,58.3,6
"U",77.1,"Deportiva",14994,"EXT","M",175.4,70.4,7
"P",78.1,"Deportiva",14995,"MEX","M",166.5,67.4,6
"U",86.3,"Ninguna",14996,"MEX","M",168.8,75,6
"P",80.1,"Cultura",14997,"MEX","O",179,67.5,5
"U",87.3,"Cultura",14998,"MEX","M",177.3,68.8,5
"P",77.6,"Deportiva",14999,"EXT","F",172.7,70,6
"P",77.6,"Deportiva",15000,"EXT","O",172.3,60.4,6
